TIME,TEMP,TEMP_INTERP,TEMP_HEAT_SPIKE,TEMP_COLD_SPIKE,TEMP_EXTREME_INDEX,TEMP_PER10,TEMP_PER50,TEMP_PER90,TEMP_MEAN,MHW_EVENT_NUMBER,MHW_EVENT_CAT,MCS_EVENT_NUMBER,MCS_EVENT_CAT,MHW_EVENT_DURATION,MHW_EVENT_ONSET_RATE,MHW_EVENT_DECLINE_RATE,MCS_EVENT_DURATION,MCS_EVENT_ONSET_RATE,MCS_EVENT_DECLINE_RATE,MHW_EVENT_INTENSITY_MEAN,MHW_EVENT_INTENSITY_MAX,MHW_EVENT_INTENSITY_VAR,MHW_EVENT_INTENSITY_CUMULATIVE,MHW_EVENT_INTENSITY_MEAN_RELPERC,MHW_EVENT_INTENSITY_MAX_RELPERC,MHW_EVENT_INTENSITY_VAR_RELPERC,MHW_EVENT_INTENSITY_CUMULATIVE_RELPERC,MCS_EVENT_INTENSITY_MEAN,MCS_EVENT_INTENSITY_MAX,MCS_EVENT_INTENSITY_VAR,MCS_EVENT_INTENSITY_CUMULATIVE,MCS_EVENT_INTENSITY_MEAN_RELPERC,MCS_EVENT_INTENSITY_MAX_RELPERC,MCS_EVENT_INTENSITY_VAR_RELPERC,MCS_EVENT_INTENSITY_CUMULATIVE_RELPERC,DEPTH
2010-05-11 12:00:00,21.731033325195312,21.731033,21.731033325195312,,12.0,18.951527786254882,20.083126068115234,21.525263595581055,20.200391006469726,3.0,2.0,0.0,0.0,5.0,1.032,0.833,0.0,0.0,0.0,3.256,3.974,0.917,16.279,1.922,2.642,0.912,9.608,0.0,0.0,0.0,0.0,0.0,0.0,0.0,0.0,22.0
2010-05-12 12:00:00,23.26117515563965,23.261175,23.26117515563965,,12.0,18.92623977661133,20.04481735229492,21.49562797546387,20.167317581176757,3.0,2.0,0.0,0.0,5.0,1.032,0.833,0.0,0.0,0.0,3.256,3.974,0.917,16.279,1.922,2.642,0.912,9.608,0.0,0.0,0.0,0.0,0.0,0.0,0.0,0.0,22.0
2010-05-13 12:00:00,24.10628318786621,24.106283,24.10628318786621,,12.0,18.899725341796874,20.0065185546875,21.4644416809082,20.13181381225586,3.0,2.0,0.0,0.0,5.0,1.032,0.833,0.0,0.0,0.0,3.256,3.974,0.917,16.279,1.922,2.642,0.912,9.608,0.0,0.0,0.0,0.0,0.0,0.0,0.0,0.0,22.0
2010-05-14 12:00:00,23.990800857543945,23.9908,23.990800857543945,,12.0,18.872164916992187,19.967776489257812,21.435976028442383,20.096733856201173,3.0,2.0,0.0,0.0,5.0,1.032,0.833,0.0,0.0,0.0,3.256,3.974,0.917,16.279,1.922,2.642,0.912,9.608,0.0,0.0,0.0,0.0,0.0,0.0,0.0,0.0,22.0
2010-05-15 12:00:00,23.84774398803711,23.847744,23.84774398803711,,12.0,18.84209327697754,19.93139228820801,21.40820732116699,20.062031555175782,3.0,2.0,0.0,0.0,5.0,1.032,0.833,0.0,0.0,0.0,3.256,3.974,0.917,16.279,1.922,2.642,0.912,9.608,0.0,0.0,0.0,0.0,0.0,0.0,0.0,0.0,22.0
2010-05-22 12:00:00,22.676815032958984,22.676815,22.676815032958984,,12.0,18.56111831665039,19.646651840209962,21.160005950927733,19.77510185241699,4.0,2.0,0.0,0.0,10.0,2.902,0.173,0.0,0.0,0.0,2.085,2.902,0.423,20.848,0.693,1.517,0.424,6.926,0.0,0.0,0.0,0.0,0.0,0.0,0.0,0.0,22.0
2010-05-23 12:00:00,,22.15584,22.155839920043945,,12.0,18.514537811279297,19.607122802734374,21.124598693847656,19.734049987792968,4.0,2.0,0.0,0.0,10.0,2.902,0.173,0.0,0.0,0.0,2.085,2.902,0.423,20.848,0.693,1.517,0.424,6.926,0.0,0.0,0.0,0.0,0.0,0.0,0.0,0.0,22.0
2010-05-24 12:00:00,21.634864807128906,21.634865,21.634864807128906,,12.0,18.468449783325195,19.568056488037108,21.079104232788087,19.688792037963868,4.0,2.0,0.0,0.0,10.0,2.902,0.173,0.0,0.0,0.0,2.085,2.902,0.423,20.848,0.693,1.517,0.424,6.926,0.0,0.0,0.0,0.0,0.0,0.0,0.0,0.0,22.0
2010-05-25 12:00:00,21.61336898803711,21.613369,21.61336898803711,,12.0,18.421920394897462,19.528890228271486,21.039779281616212,19.645000457763672,4.0,2.0,0.0,0.0,10.0,2.902,0.173,0.0,0.0,0.0,2.085,2.902,0.423,20.848,0.693,1.517,0.424,6.926,0.0,0.0,0.0,0.0,0.0,0.0,0.0,0.0,22.0
2010-05-26 12:00:00,22.061899185180664,22.0619,22.061899185180664,,12.0,18.374354553222656,19.490768432617188,20.99342498779297,19.598323822021484,4.0,2.0,0.0,0.0,10.0,2.902,0.173,0.0,0.0,0.0,2.085,2.902,0.423,20.848,0.693,1.517,0.424,6.926,0.0,0.0,0.0,0.0,0.0,0.0,0.0,0.0,22.0
2010-05-27 12:00:00,21.79891014099121,21.79891,21.79891014099121,,12.0,18.32624626159668,19.45013008117676,20.941626358032227,19.548641967773438,4.0,2.0,0.0,0.0,10.0,2.902,0.173,0.0,0.0,0.0,2.085,2.902,0.423,20.848,0.693,1.517,0.424,6.926,0.0,0.0,0.0,0.0,0.0,0.0,0.0,0.0,22.0
2010-05-28 12:00:00,21.637256622314453,21.637257,21.637256622314453,,12.0,18.277729415893553,19.408285903930665,20.892808151245116,19.498362731933593,4.0,2.0,0.0,0.0,10.0,2.902,0.173,0.0,0.0,0.0,2.085,2.902,0.423,20.848,0.693,1.517,0.424,6.926,0.0,0.0,0.0,0.0,0.0,0.0,0.0,0.0,22.0
2010-05-29 12:00:00,21.211395263671875,21.211395,21.211395263671875,,12.0,18.23008499145508,19.36640739440918,20.840493392944335,19.44756507873535,4.0,2.0,0.0,0.0,10.0,2.902,0.173,0.0,0.0,0.0,2.085,2.902,0.423,20.848,0.693,1.517,0.424,6.926,0.0,0.0,0.0,0.0,0.0,0.0,0.0,0.0,22.0
2010-05-30 12:00:00,20.941057205200195,20.941057,20.941057205200195,,12.0,18.17575454711914,19.31991844177246,20.78532485961914,19.392193603515626,4.0,2.0,0.0,0.0,10.0,2.902,0.173,0.0,0.0,0.0,2.085,2.902,0.423,20.848,0.693,1.517,0.424,6.926,0.0,0.0,0.0,0.0,0.0,0.0,0.0,0.0,22.0
2010-05-31 12:00:00,20.782182693481445,20.782183,20.782182693481445,,12.0,18.12530059814453,19.275613403320314,20.730274200439453,19.337560653686523,4.0,2.0,0.0,0.0,10.0,2.902,0.173,0.0,0.0,0.0,2.085,2.902,0.423,20.848,0.693,1.517,0.424,6.926,0.0,0.0,0.0,0.0,0.0,0.0,0.0,0.0,22.0
2011-04-07 12:00:00,23.13359260559082,23.133593,23.13359260559082,,12.0,19.4671272277832,21.180218505859376,22.878471755981444,21.148551559448244,7.0,2.0,0.0,0.0,23.0,1.016,0.136,0.0,0.0,0.0,2.174,4.182,0.663,50.002,0.621,2.466,0.58,14.293,0.0,0.0,0.0,0.0,0.0,0.0,0.0,0.0,22.0
2011-04-08 12:00:00,24.577272415161133,24.577272,24.577272415161133,,12.0,19.475928497314452,21.177475357055663,22.873436737060548,21.147706985473633,7.0,2.0,0.0,0.0,23.0,1.016,0.136,0.0,0.0,0.0,2.174,4.182,0.663,50.002,0.621,2.466,0.58,14.293,0.0,0.0,0.0,0.0,0.0,0.0,0.0,0.0,22.0
2011-04-09 12:00:00,25.32337760925293,25.323378,25.32337760925293,,12.0,19.477920913696288,21.167462158203126,22.857837295532228,21.1414737701416,7.0,2.0,0.0,0.0,23.0,1.016,0.136,0.0,0.0,0.0,2.174,4.182,0.663,50.002,0.621,2.466,0.58,14.293,0.0,0.0,0.0,0.0,0.0,0.0,0.0,0.0,22.0
2011-04-10 12:00:00,,24.382326,24.382326126098633,,12.0,19.477435684204103,21.145934295654296,22.828353881835938,21.12791633605957,7.0,2.0,0.0,0.0,23.0,1.016,0.136,0.0,0.0,0.0,2.174,4.182,0.663,50.002,0.621,2.466,0.58,14.293,0.0,0.0,0.0,0.0,0.0,0.0,0.0,0.0,22.0
2011-04-11 12:00:00,23.441274642944336,23.441275,23.441274642944336,,12.0,19.475327682495116,21.121614074707033,22.799473190307616,21.111434555053712,7.0,2.0,0.0,0.0,23.0,1.016,0.136,0.0,0.0,0.0,2.174,4.182,0.663,50.002,0.621,2.466,0.58,14.293,0.0,0.0,0.0,0.0,0.0,0.0,0.0,0.0,22.0
2011-04-12 12:00:00,23.239133834838867,23.239134,23.239133834838867,,12.0,19.48222541809082,21.09593620300293,22.766175079345704,21.096211242675782,7.0,2.0,0.0,0.0,23.0,1.016,0.136,0.0,0.0,0.0,2.174,4.182,0.663,50.002,0.621,2.466,0.58,14.293,0.0,0.0,0.0,0.0,0.0,0.0,0.0,0.0,22.0
2011-04-13 12:00:00,23.522075653076172,23.522076,23.522075653076172,,12.0,19.481182479858397,21.065492630004883,22.72486572265625,21.07385711669922,7.0,2.0,0.0,0.0,23.0,1.016,0.136,0.0,0.0,0.0,2.174,4.182,0.663,50.002,0.621,2.466,0.58,14.293,0.0,0.0,0.0,0.0,0.0,0.0,0.0,0.0,22.0
2011-04-14 12:00:00,23.746400833129883,23.7464,23.746400833129883,,12.0,19.482584381103514,21.03355712890625,22.68283348083496,21.051682662963866,7.0,2.0,0.0,0.0,23.0,1.016,0.136,0.0,0.0,0.0,2.174,4.182,0.663,50.002,0.621,2.466,0.58,14.293,0.0,0.0,0.0,0.0,0.0,0.0,0.0,0.0,22.0
2011-04-15 12:00:00,23.679798126220703,23.679798,23.679798126220703,,12.0,19.47899284362793,21.000180053710938,22.640435791015626,21.026878356933594,7.0,2.0,0.0,0.0,23.0,1.016,0.136,0.0,0.0,0.0,2.174,4.182,0.663,50.002,0.621,2.466,0.58,14.293,0.0,0.0,0.0,0.0,0.0,0.0,0.0,0.0,22.0
2011-04-16 12:00:00,23.144392013549805,23.144392,23.144392013549805,,12.0,19.470236587524415,20.960388565063475,22.58673667907715,20.993345642089842,7.0,2.0,0.0,0.0,23.0,1.016,0.136,0.0,0.0,0.0,2.174,4.182,0.663,50.002,0.621,2.466,0.58,14.293,0.0,0.0,0.0,0.0,0.0,0.0,0.0,0.0,22.0
2011-04-17 12:00:00,22.771377563476562,22.771378,22.771377563476562,,12.0,19.456224822998045,20.923496627807616,22.536922454833984,20.961062622070312,7.0,2.0,0.0,0.0,23.0,1.016,0.136,0.0,0.0,0.0,2.174,4.182,0.663,50.002,0.621,2.466,0.58,14.293,0.0,0.0,0.0,0.0,0.0,0.0,0.0,0.0,22.0
2011-04-18 12:00:00,22.648386001586914,22.648386,22.648386001586914,,12.0,19.439434432983397,20.884276580810546,22.46691551208496,20.920585250854494,7.0,2.0,0.0,0.0,23.0,1.016,0.136,0.0,0.0,0.0,2.174,4.182,0.663,50.002,0.621,2.466,0.58,14.293,0.0,0.0,0.0,0.0,0.0,0.0,0.0,0.0,22.0
2011-04-19 12:00:00,22.5842227935791,22.584223,22.5842227935791,,12.0,19.418818283081055,20.84715118408203,22.408567810058592,20.884378814697264,7.0,2.0,0.0,0.0,23.0,1.016,0.136,0.0,0.0,0.0,2.174,4.182,0.663,50.002,0.621,2.466,0.58,14.293,0.0,0.0,0.0,0.0,0.0,0.0,0.0,0.0,22.0
2011-04-20 12:00:00,22.778900146484375,22.7789,22.778900146484375,,12.0,19.39837760925293,20.812179183959962,22.342912673950195,20.84815216064453,7.0,2.0,0.0,0.0,23.0,1.016,0.136,0.0,0.0,0.0,2.174,4.182,0.663,50.002,0.621,2.466,0.58,14.293,0.0,0.0,0.0,0.0,0.0,0.0,0.0,0.0,22.0
2011-04-21 12:00:00,22.72649574279785,22.726496,22.72649574279785,,12.0,19.37888946533203,20.77767448425293,22.28553237915039,20.812096405029298,7.0,2.0,0.0,0.0,23.0,1.016,0.136,0.0,0.0,0.0,2.174,4.182,0.663,50.002,0.621,2.466,0.58,14.293,0.0,0.0,0.0,0.0,0.0,0.0,0.0,0.0,22.0
2011-04-22 12:00:00,22.69014549255371,22.690145,22.69014549255371,,12.0,19.356922912597657,20.741421508789063,22.22907485961914,20.77582130432129,7.0,2.0,0.0,0.0,23.0,1.016,0.136,0.0,0.0,0.0,2.174,4.182,0.663,50.002,0.621,2.466,0.58,14.293,0.0,0.0,0.0,0.0,0.0,0.0,0.0,0.0,22.0
2011-04-23 12:00:00,22.60676383972168,22.606764,22.60676383972168,,12.0,19.338622665405275,20.70489158630371,22.183539581298827,20.744081878662108,7.0,2.0,0.0,0.0,23.0,1.016,0.136,0.0,0.0,0.0,2.174,4.182,0.663,50.002,0.621,2.466,0.58,14.293,0.0,0.0,0.0,0.0,0.0,0.0,0.0,0.0,22.0
2011-04-24 12:00:00,22.57454490661621,22.574545,22.57454490661621,,12.0,19.31963233947754,20.6676513671875,22.137117767333983,20.71209716796875,7.0,2.0,0.0,0.0,23.0,1.016,0.136,0.0,0.0,0.0,2.174,4.182,0.663,50.002,0.621,2.466,0.58,14.293,0.0,0.0,0.0,0.0,0.0,0.0,0.0,0.0,22.0
2011-04-25 12:00:00,22.46977424621582,22.469774,22.46977424621582,,12.0,19.30015335083008,20.631781768798827,22.102402114868163,20.68348960876465,7.0,2.0,0.0,0.0,23.0,1.016,0.136,0.0,0.0,0.0,2.174,4.182,0.663,50.002,0.621,2.466,0.58,14.293,0.0,0.0,0.0,0.0,0.0,0.0,0.0,0.0,22.0
2011-04-26 12:00:00,22.37192153930664,22.371922,22.37192153930664,,12.0,19.283611297607422,20.599808502197266,22.07740592956543,20.6596622467041,7.0,2.0,0.0,0.0,23.0,1.016,0.136,0.0,0.0,0.0,2.174,4.182,0.663,50.002,0.621,2.466,0.58,14.293,0.0,0.0,0.0,0.0,0.0,0.0,0.0,0.0,22.0
2011-04-27 12:00:00,22.08409309387207,22.084093,22.08409309387207,,12.0,19.26683235168457,20.56653175354004,22.045668029785155,20.633683013916016,7.0,2.0,0.0,0.0,23.0,1.016,0.136,0.0,0.0,0.0,2.174,4.182,0.663,50.002,0.621,2.466,0.58,14.293,0.0,0.0,0.0,0.0,0.0,0.0,0.0,0.0,22.0
2011-04-28 12:00:00,22.251983642578125,22.251984,22.251983642578125,,12.0,19.251069259643554,20.536967468261718,22.014846420288087,20.608945846557617,7.0,2.0,0.0,0.0,23.0,1.016,0.136,0.0,0.0,0.0,2.174,4.182,0.663,50.002,0.621,2.466,0.58,14.293,0.0,0.0,0.0,0.0,0.0,0.0,0.0,0.0,22.0
2011-04-29 12:00:00,22.000938415527344,22.000938,22.000938415527344,,12.0,19.233811569213866,20.504636383056642,21.986489868164064,20.584249114990236,7.0,2.0,0.0,0.0,23.0,1.016,0.136,0.0,0.0,0.0,2.174,4.182,0.663,50.002,0.621,2.466,0.58,14.293,0.0,0.0,0.0,0.0,0.0,0.0,0.0,0.0,22.0
2013-03-03 12:00:00,23.781267166137695,23.781267,23.781267166137695,,12.0,18.589438247680665,20.740498352050782,22.581835174560545,20.664424896240234,9.0,2.0,0.0,0.0,6.0,1.076,0.477,0.0,0.0,0.0,3.373,4.166,0.557,20.24,1.477,2.27,0.556,8.862,0.0,0.0,0.0,0.0,0.0,0.0,0.0,0.0,22.0
2013-03-04 12:00:00,24.364301681518555,24.364302,24.364301681518555,,12.0,18.611705017089843,20.75858917236328,22.586912536621092,20.681043243408205,9.0,2.0,0.0,0.0,6.0,1.076,0.477,0.0,0.0,0.0,3.373,4.166,0.557,20.24,1.477,2.27,0.556,8.862,0.0,0.0,0.0,0.0,0.0,0.0,0.0,0.0,22.0
2013-03-05 12:00:00,24.865711212158203,24.865711,24.865711212158203,,12.0,18.63727722167969,20.777816390991212,22.595275497436525,20.699897384643556,9.0,2.0,0.0,0.0,6.0,1.076,0.477,0.0,0.0,0.0,3.373,4.166,0.557,20.24,1.477,2.27,0.556,8.862,0.0,0.0,0.0,0.0,0.0,0.0,0.0,0.0,22.0
2013-03-06 12:00:00,23.163171768188477,23.163172,23.163171768188477,,12.0,18.660773468017577,20.794284057617187,22.605703353881836,20.718310165405274,9.0,2.0,0.0,0.0,6.0,1.076,0.477,0.0,0.0,0.0,3.373,4.166,0.557,20.24,1.477,2.27,0.556,8.862,0.0,0.0,0.0,0.0,0.0,0.0,0.0,0.0,22.0
2013-03-07 12:00:00,,23.828804,23.82880401611328,,12.0,18.683740234375,20.811533737182618,22.624055480957033,20.737834930419922,9.0,2.0,0.0,0.0,6.0,1.076,0.477,0.0,0.0,0.0,3.373,4.166,0.557,20.24,1.477,2.27,0.556,8.862,0.0,0.0,0.0,0.0,0.0,0.0,0.0,0.0,22.0
2013-03-08 12:00:00,24.49443817138672,24.494438,24.49443817138672,,12.0,18.70114974975586,20.828784942626953,22.641469955444336,20.756507873535156,9.0,2.0,0.0,0.0,6.0,1.076,0.477,0.0,0.0,0.0,3.373,4.166,0.557,20.24,1.477,2.27,0.556,8.862,0.0,0.0,0.0,0.0,0.0,0.0,0.0,0.0,22.0
2013-03-29 12:00:00,23.728601455688477,23.728601,23.728601455688477,,12.0,19.338364028930663,21.14403533935547,22.856343078613282,21.095540618896486,10.0,2.0,0.0,0.0,11.0,0.665,0.32,0.0,0.0,0.0,2.677,3.982,0.603,29.451,0.932,2.233,0.596,10.256,0.0,0.0,0.0,0.0,0.0,0.0,0.0,0.0,22.0
2013-03-30 12:00:00,,23.88416,23.884159088134766,,12.0,19.35716018676758,21.148036193847656,22.851771926879884,21.100723266601562,10.0,2.0,0.0,0.0,11.0,0.665,0.32,0.0,0.0,0.0,2.677,3.982,0.603,29.451,0.932,2.233,0.596,10.256,0.0,0.0,0.0,0.0,0.0,0.0,0.0,0.0,22.0
2013-03-31 12:00:00,24.039716720581055,24.039717,24.039716720581055,,12.0,19.372387313842772,21.159321594238282,22.860841369628908,21.11046371459961,10.0,2.0,0.0,0.0,11.0,0.665,0.32,0.0,0.0,0.0,2.677,3.982,0.603,29.451,0.932,2.233,0.596,10.256,0.0,0.0,0.0,0.0,0.0,0.0,0.0,0.0,22.0
2013-04-01 12:00:00,25.10311508178711,25.103115,25.10311508178711,,12.0,19.38430862426758,21.170003509521486,22.869865798950194,21.1208854675293,10.0,2.0,0.0,0.0,11.0,0.665,0.32,0.0,0.0,0.0,2.677,3.982,0.603,29.451,0.932,2.233,0.596,10.256,0.0,0.0,0.0,0.0,0.0,0.0,0.0,0.0,22.0
2013-04-02 12:00:00,24.260295867919922,24.260296,24.260295867919922,,12.0,19.39686851501465,21.174940872192384,22.879272842407225,21.12855339050293,10.0,2.0,0.0,0.0,11.0,0.665,0.32,0.0,0.0,0.0,2.677,3.982,0.603,29.451,0.932,2.233,0.596,10.256,0.0,0.0,0.0,0.0,0.0,0.0,0.0,0.0,22.0
2013-04-03 12:00:00,24.212371826171875,24.212372,24.212371826171875,,12.0,19.412102890014648,21.178153610229494,22.885830688476563,21.13534927368164,10.0,2.0,0.0,0.0,11.0,0.665,0.32,0.0,0.0,0.0,2.677,3.982,0.603,29.451,0.932,2.233,0.596,10.256,0.0,0.0,0.0,0.0,0.0,0.0,0.0,0.0,22.0
2013-04-04 12:00:00,23.381101608276367,23.381102,23.381101608276367,,12.0,19.430176162719725,21.179995727539062,22.889302444458007,21.141651153564453,10.0,2.0,0.0,0.0,11.0,0.665,0.32,0.0,0.0,0.0,2.677,3.982,0.603,29.451,0.932,2.233,0.596,10.256,0.0,0.0,0.0,0.0,0.0,0.0,0.0,0.0,22.0
2013-04-05 12:00:00,23.88946533203125,23.889465,23.88946533203125,,12.0,19.44427947998047,21.1805118560791,22.888977432250975,21.145215606689455,10.0,2.0,0.0,0.0,11.0,0.665,0.32,0.0,0.0,0.0,2.677,3.982,0.603,29.451,0.932,2.233,0.596,10.256,0.0,0.0,0.0,0.0,0.0,0.0,0.0,0.0,22.0
2013-04-06 12:00:00,,23.460665,23.460664749145508,,12.0,19.456174850463867,21.1806282043457,22.881450271606447,21.14639549255371,10.0,2.0,0.0,0.0,11.0,0.665,0.32,0.0,0.0,0.0,2.677,3.982,0.603,29.451,0.932,2.233,0.596,10.256,0.0,0.0,0.0,0.0,0.0,0.0,0.0,0.0,22.0
2013-04-07 12:00:00,23.031864166259766,23.031864,23.031864166259766,,12.0,19.4671272277832,21.180218505859376,22.878471755981444,21.148551559448244,10.0,2.0,0.0,0.0,11.0,0.665,0.32,0.0,0.0,0.0,2.677,3.982,0.603,29.451,0.932,2.233,0.596,10.256,0.0,0.0,0.0,0.0,0.0,0.0,0.0,0.0,22.0
2013-04-08 12:00:00,22.880693435668945,22.880693,22.880693435668945,,12.0,19.475928497314452,21.177475357055663,22.873436737060548,21.147706985473633,10.0,2.0,0.0,0.0,11.0,0.665,0.32,0.0,0.0,0.0,2.677,3.982,0.603,29.451,0.932,2.233,0.596,10.256,0.0,0.0,0.0,0.0,0.0,0.0,0.0,0.0,22.0
2013-05-18 12:00:00,21.31844139099121,21.318441,21.31844139099121,,12.0,18.736967086791992,19.813025665283202,21.28786277770996,19.94176788330078,11.0,2.0,0.0,0.0,18.0,0.476,0.12,0.0,0.0,0.0,1.929,3.0,0.485,34.716,0.545,1.615,0.482,9.811,0.0,0.0,0.0,0.0,0.0,0.0,0.0,0.0,22.0
2013-05-19 12:00:00,21.59423828125,21.594238,21.59423828125,,12.0,18.696431350708007,19.773409271240233,21.26109046936035,19.90474052429199,11.0,2.0,0.0,0.0,18.0,0.476,0.12,0.0,0.0,0.0,1.929,3.0,0.485,34.716,0.545,1.615,0.482,9.811,0.0,0.0,0.0,0.0,0.0,0.0,0.0,0.0,22.0
2013-05-20 12:00:00,21.474531173706055,21.474531,21.474531173706055,,12.0,18.653382110595704,19.733723449707032,21.22655906677246,19.86222152709961,11.0,2.0,0.0,0.0,18.0,0.476,0.12,0.0,0.0,0.0,1.929,3.0,0.485,34.716,0.545,1.615,0.482,9.811,0.0,0.0,0.0,0.0,0.0,0.0,0.0,0.0,22.0
2013-05-21 12:00:00,22.65630531311035,22.656305,22.65630531311035,,12.0,18.6078857421875,19.69049949645996,21.196134948730467,19.819208526611327,11.0,2.0,0.0,0.0,18.0,0.476,0.12,0.0,0.0,0.0,1.929,3.0,0.485,34.716,0.545,1.615,0.482,9.811,0.0,0.0,0.0,0.0,0.0,0.0,0.0,0.0,22.0
2013-05-22 12:00:00,22.774608612060547,22.774609,22.774608612060547,,12.0,18.56111831665039,19.646651840209962,21.160005950927733,19.77510185241699,11.0,2.0,0.0,0.0,18.0,0.476,0.12,0.0,0.0,0.0,1.929,3.0,0.485,34.716,0.545,1.615,0.482,9.811,0.0,0.0,0.0,0.0,0.0,0.0,0.0,0.0,22.0
2013-05-23 12:00:00,22.28667449951172,22.286674,22.28667449951172,,12.0,18.514537811279297,19.607122802734374,21.124598693847656,19.734049987792968,11.0,2.0,0.0,0.0,18.0,0.476,0.12,0.0,0.0,0.0,1.929,3.0,0.485,34.716,0.545,1.615,0.482,9.811,0.0,0.0,0.0,0.0,0.0,0.0,0.0,0.0,22.0
2013-05-24 12:00:00,21.887880325317383,21.88788,21.887880325317383,,12.0,18.468449783325195,19.568056488037108,21.079104232788087,19.688792037963868,11.0,2.0,0.0,0.0,18.0,0.476,0.12,0.0,0.0,0.0,1.929,3.0,0.485,34.716,0.545,1.615,0.482,9.811,0.0,0.0,0.0,0.0,0.0,0.0,0.0,0.0,22.0
2013-05-25 12:00:00,20.962663650512695,20.962664,,,12.0,18.421920394897462,19.528890228271486,21.039779281616212,19.645000457763672,11.0,2.0,0.0,0.0,18.0,0.476,0.12,0.0,0.0,0.0,1.929,3.0,0.485,34.716,0.545,1.615,0.482,9.811,0.0,0.0,0.0,0.0,0.0,0.0,0.0,0.0,22.0
2013-05-26 12:00:00,21.101320266723633,21.10132,21.101320266723633,,12.0,18.374354553222656,19.490768432617188,20.99342498779297,19.598323822021484,11.0,2.0,0.0,0.0,18.0,0.476,0.12,0.0,0.0,0.0,1.929,3.0,0.485,34.716,0.545,1.615,0.482,9.811,0.0,0.0,0.0,0.0,0.0,0.0,0.0,0.0,22.0
2013-05-27 12:00:00,21.75334930419922,21.75335,21.75334930419922,,12.0,18.32624626159668,19.45013008117676,20.941626358032227,19.548641967773438,11.0,2.0,0.0,0.0,18.0,0.476,0.12,0.0,0.0,0.0,1.929,3.0,0.485,34.716,0.545,1.615,0.482,9.811,0.0,0.0,0.0,0.0,0.0,0.0,0.0,0.0,22.0
2013-05-28 12:00:00,21.721101760864258,21.721102,21.721101760864258,,12.0,18.277729415893553,19.408285903930665,20.892808151245116,19.498362731933593,11.0,2.0,0.0,0.0,18.0,0.476,0.12,0.0,0.0,0.0,1.929,3.0,0.485,34.716,0.545,1.615,0.482,9.811,0.0,0.0,0.0,0.0,0.0,0.0,0.0,0.0,22.0
2013-05-29 12:00:00,,21.454226,21.454225540161133,,12.0,18.23008499145508,19.36640739440918,20.840493392944335,19.44756507873535,11.0,2.0,0.0,0.0,18.0,0.476,0.12,0.0,0.0,0.0,1.929,3.0,0.485,34.716,0.545,1.615,0.482,9.811,0.0,0.0,0.0,0.0,0.0,0.0,0.0,0.0,22.0
2013-05-30 12:00:00,21.187349319458008,21.18735,21.187349319458008,,12.0,18.17575454711914,19.31991844177246,20.78532485961914,19.392193603515626,11.0,2.0,0.0,0.0,18.0,0.476,0.12,0.0,0.0,0.0,1.929,3.0,0.485,34.716,0.545,1.615,0.482,9.811,0.0,0.0,0.0,0.0,0.0,0.0,0.0,0.0,22.0
2013-05-31 12:00:00,21.224565505981445,21.224566,21.224565505981445,,12.0,18.12530059814453,19.275613403320314,20.730274200439453,19.337560653686523,11.0,2.0,0.0,0.0,18.0,0.476,0.12,0.0,0.0,0.0,1.929,3.0,0.485,34.716,0.545,1.615,0.482,9.811,0.0,0.0,0.0,0.0,0.0,0.0,0.0,0.0,22.0
2013-06-01 12:00:00,21.333698272705078,21.333698,21.333698272705078,,12.0,18.07122688293457,19.23250045776367,20.67879867553711,19.285860061645508,11.0,2.0,0.0,0.0,18.0,0.476,0.12,0.0,0.0,0.0,1.929,3.0,0.485,34.716,0.545,1.615,0.482,9.811,0.0,0.0,0.0,0.0,0.0,0.0,0.0,0.0,22.0
2013-06-02 12:00:00,20.75725555419922,20.757256,20.75725555419922,,12.0,18.016325759887696,19.188579177856447,20.62733154296875,19.235534286499025,11.0,2.0,0.0,0.0,18.0,0.476,0.12,0.0,0.0,0.0,1.929,3.0,0.485,34.716,0.545,1.615,0.482,9.811,0.0,0.0,0.0,0.0,0.0,0.0,0.0,0.0,22.0
2013-06-03 12:00:00,20.632699966430664,20.6327,20.632699966430664,,12.0,17.958232498168947,19.143041610717773,20.566172790527343,19.18273811340332,11.0,2.0,0.0,0.0,18.0,0.476,0.12,0.0,0.0,0.0,1.929,3.0,0.485,34.716,0.545,1.615,0.482,9.811,0.0,0.0,0.0,0.0,0.0,0.0,0.0,0.0,22.0
2013-06-04 12:00:00,20.619966506958008,20.619967,20.619966506958008,,12.0,17.90180015563965,19.09446563720703,20.49822578430176,19.12676658630371,11.0,2.0,0.0,0.0,18.0,0.476,0.12,0.0,0.0,0.0,1.929,3.0,0.485,34.716,0.545,1.615,0.482,9.811,0.0,0.0,0.0,0.0,0.0,0.0,0.0,0.0,22.0
2013-10-16 12:00:00,20.507553100585938,20.507553,20.507553100585938,,12.0,16.098793029785156,17.4497932434082,18.82076187133789,17.49219169616699,14.0,2.0,0.0,0.0,8.0,3.015,0.273,0.0,0.0,0.0,2.324,3.015,0.446,18.589,1.004,1.687,0.44,8.032,0.0,0.0,0.0,0.0,0.0,0.0,0.0,0.0,22.0
2013-10-17 12:00:00,20.343461990356445,20.343462,20.343461990356445,,12.0,16.124938583374025,17.483201217651366,18.847052383422852,17.521564483642578,14.0,2.0,0.0,0.0,8.0,3.015,0.273,0.0,0.0,0.0,2.324,3.015,0.446,18.589,1.004,1.687,0.44,8.032,0.0,0.0,0.0,0.0,0.0,0.0,0.0,0.0,22.0
2013-10-18 12:00:00,,20.206287,20.206287384033203,,12.0,16.14949588775635,17.51192398071289,18.869429779052734,17.54698791503906,14.0,2.0,0.0,0.0,8.0,3.015,0.273,0.0,0.0,0.0,2.324,3.015,0.446,18.589,1.004,1.687,0.44,8.032,0.0,0.0,0.0,0.0,0.0,0.0,0.0,0.0,22.0
2013-10-19 12:00:00,20.069110870361328,20.06911,20.069110870361328,,12.0,16.174711418151855,17.543499755859376,18.899398422241212,17.576845550537108,14.0,2.0,0.0,0.0,8.0,3.015,0.273,0.0,0.0,0.0,2.324,3.015,0.446,18.589,1.004,1.687,0.44,8.032,0.0,0.0,0.0,0.0,0.0,0.0,0.0,0.0,22.0
2013-10-20 12:00:00,19.464099884033203,19.4641,19.464099884033203,,12.0,16.200562477111816,17.57267189025879,18.92299575805664,17.602703094482422,14.0,2.0,0.0,0.0,8.0,3.015,0.273,0.0,0.0,0.0,2.324,3.015,0.446,18.589,1.004,1.687,0.44,8.032,0.0,0.0,0.0,0.0,0.0,0.0,0.0,0.0,22.0
2013-10-21 12:00:00,,19.516489,19.516489028930664,,12.0,16.233122062683105,17.60420150756836,18.944672775268554,17.630459594726563,14.0,2.0,0.0,0.0,8.0,3.015,0.273,0.0,0.0,0.0,2.324,3.015,0.446,18.589,1.004,1.687,0.44,8.032,0.0,0.0,0.0,0.0,0.0,0.0,0.0,0.0,22.0
2013-10-22 12:00:00,,19.568876,19.568876266479492,,12.0,16.258971786499025,17.6302001953125,18.96800765991211,17.655219650268556,14.0,2.0,0.0,0.0,8.0,3.015,0.273,0.0,0.0,0.0,2.324,3.015,0.446,18.589,1.004,1.687,0.44,8.032,0.0,0.0,0.0,0.0,0.0,0.0,0.0,0.0,22.0
2013-10-23 12:00:00,19.621265411376953,19.621265,19.621265411376953,,12.0,16.284605026245117,17.65952377319336,18.992629623413087,17.68189468383789,14.0,2.0,0.0,0.0,8.0,3.015,0.273,0.0,0.0,0.0,2.324,3.015,0.446,18.589,1.004,1.687,0.44,8.032,0.0,0.0,0.0,0.0,0.0,0.0,0.0,0.0,22.0
2014-04-12 12:00:00,23.726787567138672,23.726788,23.726787567138672,,12.0,19.48222541809082,21.09593620300293,22.766175079345704,21.096211242675782,15.0,2.0,0.0,0.0,37.0,0.053,0.16,0.0,0.0,0.0,2.262,3.27,0.449,83.709,0.837,1.931,0.478,30.951,0.0,0.0,0.0,0.0,0.0,0.0,0.0,0.0,22.0
2014-04-13 12:00:00,23.52532958984375,23.52533,23.52532958984375,,12.0,19.481182479858397,21.065492630004883,22.72486572265625,21.07385711669922,15.0,2.0,0.0,0.0,37.0,0.053,0.16,0.0,0.0,0.0,2.262,3.27,0.449,83.709,0.837,1.931,0.478,30.951,0.0,0.0,0.0,0.0,0.0,0.0,0.0,0.0,22.0
2014-04-14 12:00:00,23.408447265625,23.408447,23.408447265625,,12.0,19.482584381103514,21.03355712890625,22.68283348083496,21.051682662963866,15.0,2.0,0.0,0.0,37.0,0.053,0.16,0.0,0.0,0.0,2.262,3.27,0.449,83.709,0.837,1.931,0.478,30.951,0.0,0.0,0.0,0.0,0.0,0.0,0.0,0.0,22.0
2014-04-15 12:00:00,23.399797439575195,23.399797,23.399797439575195,,12.0,19.47899284362793,21.000180053710938,22.640435791015626,21.026878356933594,15.0,2.0,0.0,0.0,37.0,0.053,0.16,0.0,0.0,0.0,2.262,3.27,0.449,83.709,0.837,1.931,0.478,30.951,0.0,0.0,0.0,0.0,0.0,0.0,0.0,0.0,22.0
2014-04-16 12:00:00,23.323610305786133,23.32361,23.323610305786133,,12.0,19.470236587524415,20.960388565063475,22.58673667907715,20.993345642089842,15.0,2.0,0.0,0.0,37.0,0.053,0.16,0.0,0.0,0.0,2.262,3.27,0.449,83.709,0.837,1.931,0.478,30.951,0.0,0.0,0.0,0.0,0.0,0.0,0.0,0.0,22.0
2014-04-17 12:00:00,23.174890518188477,23.17489,23.174890518188477,,12.0,19.456224822998045,20.923496627807616,22.536922454833984,20.961062622070312,15.0,2.0,0.0,0.0,37.0,0.053,0.16,0.0,0.0,0.0,2.262,3.27,0.449,83.709,0.837,1.931,0.478,30.951,0.0,0.0,0.0,0.0,0.0,0.0,0.0,0.0,22.0
2014-04-18 12:00:00,22.903995513916016,22.903996,22.903995513916016,,12.0,19.439434432983397,20.884276580810546,22.46691551208496,20.920585250854494,15.0,2.0,0.0,0.0,37.0,0.053,0.16,0.0,0.0,0.0,2.262,3.27,0.449,83.709,0.837,1.931,0.478,30.951,0.0,0.0,0.0,0.0,0.0,0.0,0.0,0.0,22.0
2014-04-19 12:00:00,22.92159652709961,22.921597,22.92159652709961,,12.0,19.418818283081055,20.84715118408203,22.408567810058592,20.884378814697264,15.0,2.0,0.0,0.0,37.0,0.053,0.16,0.0,0.0,0.0,2.262,3.27,0.449,83.709,0.837,1.931,0.478,30.951,0.0,0.0,0.0,0.0,0.0,0.0,0.0,0.0,22.0
2014-04-20 12:00:00,22.608734130859375,22.608734,22.608734130859375,,12.0,19.39837760925293,20.812179183959962,22.342912673950195,20.84815216064453,15.0,2.0,0.0,0.0,37.0,0.053,0.16,0.0,0.0,0.0,2.262,3.27,0.449,83.709,0.837,1.931,0.478,30.951,0.0,0.0,0.0,0.0,0.0,0.0,0.0,0.0,22.0
2014-04-21 12:00:00,22.530010223388672,22.53001,22.530010223388672,,12.0,19.37888946533203,20.77767448425293,22.28553237915039,20.812096405029298,15.0,2.0,0.0,0.0,37.0,0.053,0.16,0.0,0.0,0.0,2.262,3.27,0.449,83.709,0.837,1.931,0.478,30.951,0.0,0.0,0.0,0.0,0.0,0.0,0.0,0.0,22.0
2014-04-22 12:00:00,22.725387573242188,22.725388,22.725387573242188,,12.0,19.356922912597657,20.741421508789063,22.22907485961914,20.77582130432129,15.0,2.0,0.0,0.0,37.0,0.053,0.16,0.0,0.0,0.0,2.262,3.27,0.449,83.709,0.837,1.931,0.478,30.951,0.0,0.0,0.0,0.0,0.0,0.0,0.0,0.0,22.0
2014-04-23 12:00:00,22.613195419311523,22.613195,22.613195419311523,,12.0,19.338622665405275,20.70489158630371,22.183539581298827,20.744081878662108,15.0,2.0,0.0,0.0,37.0,0.053,0.16,0.0,0.0,0.0,2.262,3.27,0.449,83.709,0.837,1.931,0.478,30.951,0.0,0.0,0.0,0.0,0.0,0.0,0.0,0.0,22.0
2014-04-24 12:00:00,22.487192153930664,22.487192,22.487192153930664,,12.0,19.31963233947754,20.6676513671875,22.137117767333983,20.71209716796875,15.0,2.0,0.0,0.0,37.0,0.053,0.16,0.0,0.0,0.0,2.262,3.27,0.449,83.709,0.837,1.931,0.478,30.951,0.0,0.0,0.0,0.0,0.0,0.0,0.0,0.0,22.0
2014-04-25 12:00:00,22.434255599975586,22.434256,22.434255599975586,,12.0,19.30015335083008,20.631781768798827,22.102402114868163,20.68348960876465,15.0,2.0,0.0,0.0,37.0,0.053,0.16,0.0,0.0,0.0,2.262,3.27,0.449,83.709,0.837,1.931,0.478,30.951,0.0,0.0,0.0,0.0,0.0,0.0,0.0,0.0,22.0
2014-04-26 12:00:00,22.225242614746094,22.225243,22.225242614746094,,12.0,19.283611297607422,20.599808502197266,22.07740592956543,20.6596622467041,15.0,2.0,0.0,0.0,37.0,0.053,0.16,0.0,0.0,0.0,2.262,3.27,0.449,83.709,0.837,1.931,0.478,30.951,0.0,0.0,0.0,0.0,0.0,0.0,0.0,0.0,22.0
2014-04-27 12:00:00,21.930200576782227,21.9302,,,12.0,19.26683235168457,20.56653175354004,22.045668029785155,20.633683013916016,15.0,2.0,0.0,0.0,37.0,0.053,0.16,0.0,0.0,0.0,2.262,3.27,0.449,83.709,0.837,1.931,0.478,30.951,0.0,0.0,0.0,0.0,0.0,0.0,0.0,0.0,22.0
2014-04-28 12:00:00,22.970869064331055,22.97087,22.970869064331055,,12.0,19.251069259643554,20.536967468261718,22.014846420288087,20.608945846557617,15.0,2.0,0.0,0.0,37.0,0.053,0.16,0.0,0.0,0.0,2.262,3.27,0.449,83.709,0.837,1.931,0.478,30.951,0.0,0.0,0.0,0.0,0.0,0.0,0.0,0.0,22.0
2014-04-29 12:00:00,,22.884512,22.884511947631836,,12.0,19.233811569213866,20.504636383056642,21.986489868164064,20.584249114990236,15.0,2.0,0.0,0.0,37.0,0.053,0.16,0.0,0.0,0.0,2.262,3.27,0.449,83.709,0.837,1.931,0.478,30.951,0.0,0.0,0.0,0.0,0.0,0.0,0.0,0.0,22.0
2014-04-30 12:00:00,22.798154830932617,22.798155,22.798154830932617,,12.0,19.21525993347168,20.47189292907715,21.954600143432618,20.55915412902832,15.0,2.0,0.0,0.0,37.0,0.053,0.16,0.0,0.0,0.0,2.262,3.27,0.449,83.709,0.837,1.931,0.478,30.951,0.0,0.0,0.0,0.0,0.0,0.0,0.0,0.0,22.0
2014-05-01 12:00:00,23.106962203979492,23.106962,23.106962203979492,,12.0,19.194756698608398,20.43531723022461,21.915225982666016,20.528831481933594,15.0,2.0,0.0,0.0,37.0,0.053,0.16,0.0,0.0,0.0,2.262,3.27,0.449,83.709,0.837,1.931,0.478,30.951,0.0,0.0,0.0,0.0,0.0,0.0,0.0,0.0,22.0
2014-05-02 12:00:00,23.161348342895508,23.161348,23.161348342895508,,12.0,19.172549438476562,20.399182891845705,21.872417449951172,20.49571075439453,15.0,2.0,0.0,0.0,37.0,0.053,0.16,0.0,0.0,0.0,2.262,3.27,0.449,83.709,0.837,1.931,0.478,30.951,0.0,0.0,0.0,0.0,0.0,0.0,0.0,0.0,22.0
2014-05-03 12:00:00,22.7199649810791,22.719965,22.7199649810791,,12.0,19.153958892822267,20.367577362060548,21.83299560546875,20.465849304199217,15.0,2.0,0.0,0.0,37.0,0.053,0.16,0.0,0.0,0.0,2.262,3.27,0.449,83.709,0.837,1.931,0.478,30.951,0.0,0.0,0.0,0.0,0.0,0.0,0.0,0.0,22.0
2014-05-04 12:00:00,22.347034454345703,22.347034,22.347034454345703,,12.0,19.132322692871092,20.339678955078124,21.797430801391602,20.438500213623048,15.0,2.0,0.0,0.0,37.0,0.053,0.16,0.0,0.0,0.0,2.262,3.27,0.449,83.709,0.837,1.931,0.478,30.951,0.0,0.0,0.0,0.0,0.0,0.0,0.0,0.0,22.0
2014-05-05 12:00:00,22.61786460876465,22.617865,22.61786460876465,,12.0,19.106404876708986,20.309633636474608,21.76100273132324,20.408039474487303,15.0,2.0,0.0,0.0,37.0,0.053,0.16,0.0,0.0,0.0,2.262,3.27,0.449,83.709,0.837,1.931,0.478,30.951,0.0,0.0,0.0,0.0,0.0,0.0,0.0,0.0,22.0
2014-05-06 12:00:00,22.932193756103516,22.932194,22.932193756103516,,12.0,19.0787109375,20.275763702392577,21.71849250793457,20.375290298461913,15.0,2.0,0.0,0.0,37.0,0.053,0.16,0.0,0.0,0.0,2.262,3.27,0.449,83.709,0.837,1.931,0.478,30.951,0.0,0.0,0.0,0.0,0.0,0.0,0.0,0.0,22.0
2014-05-07 12:00:00,23.615583419799805,23.615583,23.615583419799805,,12.0,19.05285987854004,20.243513107299805,21.685074615478516,20.345601272583007,15.0,2.0,0.0,0.0,37.0,0.053,0.16,0.0,0.0,0.0,2.262,3.27,0.449,83.709,0.837,1.931,0.478,30.951,0.0,0.0,0.0,0.0,0.0,0.0,0.0,0.0,22.0
2014-05-08 12:00:00,23.477760314941406,23.47776,23.477760314941406,,12.0,19.026315689086914,20.205920791625978,21.64459228515625,20.309664154052733,15.0,2.0,0.0,0.0,37.0,0.053,0.16,0.0,0.0,0.0,2.262,3.27,0.449,83.709,0.837,1.931,0.478,30.951,0.0,0.0,0.0,0.0,0.0,0.0,0.0,0.0,22.0
2014-05-09 12:00:00,23.315204620361328,23.315205,23.315204620361328,,12.0,19.000825881958008,20.16368865966797,21.5971923828125,20.27141761779785,15.0,2.0,0.0,0.0,37.0,0.053,0.16,0.0,0.0,0.0,2.262,3.27,0.449,83.709,0.837,1.931,0.478,30.951,0.0,0.0,0.0,0.0,0.0,0.0,0.0,0.0,22.0
2014-05-10 12:00:00,23.20905303955078,23.209053,23.20905303955078,,12.0,18.97624282836914,20.12381248474121,21.554107666015625,20.23409080505371,15.0,2.0,0.0,0.0,37.0,0.053,0.16,0.0,0.0,0.0,2.262,3.27,0.449,83.709,0.837,1.931,0.478,30.951,0.0,0.0,0.0,0.0,0.0,0.0,0.0,0.0,22.0
2014-05-11 12:00:00,22.63153076171875,22.63153,22.63153076171875,,12.0,18.951527786254882,20.083126068115234,21.525263595581055,20.200391006469726,15.0,2.0,0.0,0.0,37.0,0.053,0.16,0.0,0.0,0.0,2.262,3.27,0.449,83.709,0.837,1.931,0.478,30.951,0.0,0.0,0.0,0.0,0.0,0.0,0.0,0.0,22.0
2014-05-12 12:00:00,22.801597595214844,22.801598,22.801597595214844,,12.0,18.92623977661133,20.04481735229492,21.49562797546387,20.167317581176757,15.0,2.0,0.0,0.0,37.0,0.053,0.16,0.0,0.0,0.0,2.262,3.27,0.449,83.709,0.837,1.931,0.478,30.951,0.0,0.0,0.0,0.0,0.0,0.0,0.0,0.0,22.0
2014-05-13 12:00:00,22.755887985229492,22.755888,22.755887985229492,,12.0,18.899725341796874,20.0065185546875,21.4644416809082,20.13181381225586,15.0,2.0,0.0,0.0,37.0,0.053,0.16,0.0,0.0,0.0,2.262,3.27,0.449,83.709,0.837,1.931,0.478,30.951,0.0,0.0,0.0,0.0,0.0,0.0,0.0,0.0,22.0
2014-05-14 12:00:00,22.653621673583984,22.653622,22.653621673583984,,12.0,18.872164916992187,19.967776489257812,21.435976028442383,20.096733856201173,15.0,2.0,0.0,0.0,37.0,0.053,0.16,0.0,0.0,0.0,2.262,3.27,0.449,83.709,0.837,1.931,0.478,30.951,0.0,0.0,0.0,0.0,0.0,0.0,0.0,0.0,22.0
2014-05-15 12:00:00,22.351900100708008,22.3519,22.351900100708008,,12.0,18.84209327697754,19.93139228820801,21.40820732116699,20.062031555175782,15.0,2.0,0.0,0.0,37.0,0.053,0.16,0.0,0.0,0.0,2.262,3.27,0.449,83.709,0.837,1.931,0.478,30.951,0.0,0.0,0.0,0.0,0.0,0.0,0.0,0.0,22.0
2014-05-16 12:00:00,22.153053283691406,22.153053,22.153053283691406,,12.0,18.809319686889648,19.893453216552736,21.368936920166014,20.02374610900879,15.0,2.0,0.0,0.0,37.0,0.053,0.16,0.0,0.0,0.0,2.262,3.27,0.449,83.709,0.837,1.931,0.478,30.951,0.0,0.0,0.0,0.0,0.0,0.0,0.0,0.0,22.0
2014-05-17 12:00:00,21.717864990234375,21.717865,21.717864990234375,,12.0,18.774697875976564,19.854558181762695,21.33035316467285,19.983899307250976,15.0,2.0,0.0,0.0,37.0,0.053,0.16,0.0,0.0,0.0,2.262,3.27,0.449,83.709,0.837,1.931,0.478,30.951,0.0,0.0,0.0,0.0,0.0,0.0,0.0,0.0,22.0
2014-05-18 12:00:00,21.65827751159668,21.658278,21.65827751159668,,12.0,18.736967086791992,19.813025665283202,21.28786277770996,19.94176788330078,15.0,2.0,0.0,0.0,37.0,0.053,0.16,0.0,0.0,0.0,2.262,3.27,0.449,83.709,0.837,1.931,0.478,30.951,0.0,0.0,0.0,0.0,0.0,0.0,0.0,0.0,22.0
2017-06-18 12:00:00,19.824249267578125,19.82425,19.824249267578125,,12.0,17.158935546875,18.465892791748047,19.812805938720704,18.467176818847655,29.0,2.0,0.0,0.0,23.0,0.516,0.067,0.0,0.0,0.0,2.118,2.807,0.406,48.706,0.758,1.469,0.422,17.441,0.0,0.0,0.0,0.0,0.0,0.0,0.0,0.0,22.0
2017-06-19 12:00:00,20.82802391052246,20.828024,20.82802391052246,,12.0,17.107622146606445,18.425695419311523,19.764209747314453,18.421155548095705,29.0,2.0,0.0,0.0,23.0,0.516,0.067,0.0,0.0,0.0,2.118,2.807,0.406,48.706,0.758,1.469,0.422,17.441,0.0,0.0,0.0,0.0,0.0,0.0,0.0,0.0,22.0
2017-06-20 12:00:00,20.446914672851562,20.446915,20.446914672851562,,12.0,17.05844497680664,18.38565444946289,19.717835235595704,18.377894592285156,29.0,2.0,0.0,0.0,23.0,0.516,0.067,0.0,0.0,0.0,2.118,2.807,0.406,48.706,0.758,1.469,0.422,17.441,0.0,0.0,0.0,0.0,0.0,0.0,0.0,0.0,22.0
2017-06-21 12:00:00,21.141921997070312,21.141922,21.141921997070312,,12.0,17.007925033569336,18.347871780395508,19.67320137023926,18.33481636047363,29.0,2.0,0.0,0.0,23.0,0.516,0.067,0.0,0.0,0.0,2.118,2.807,0.406,48.706,0.758,1.469,0.422,17.441,0.0,0.0,0.0,0.0,0.0,0.0,0.0,0.0,22.0
2017-06-22 12:00:00,21.088226318359375,21.088226,21.088226318359375,,12.0,16.95568084716797,18.308439254760742,19.627151870727538,18.289228439331055,29.0,2.0,0.0,0.0,23.0,0.516,0.067,0.0,0.0,0.0,2.118,2.807,0.406,48.706,0.758,1.469,0.422,17.441,0.0,0.0,0.0,0.0,0.0,0.0,0.0,0.0,22.0
2017-06-23 12:00:00,20.837268829345703,20.837269,20.837268829345703,,12.0,16.90216064453125,18.267057418823242,19.578628540039062,18.24001998901367,29.0,2.0,0.0,0.0,23.0,0.516,0.067,0.0,0.0,0.0,2.118,2.807,0.406,48.706,0.758,1.469,0.422,17.441,0.0,0.0,0.0,0.0,0.0,0.0,0.0,0.0,22.0
2017-06-24 12:00:00,20.566720962524414,20.566721,20.566720962524414,,12.0,16.850404739379883,18.223839950561523,19.52155113220215,18.19011573791504,29.0,2.0,0.0,0.0,23.0,0.516,0.067,0.0,0.0,0.0,2.118,2.807,0.406,48.706,0.758,1.469,0.422,17.441,0.0,0.0,0.0,0.0,0.0,0.0,0.0,0.0,22.0
2017-06-25 12:00:00,20.3464298248291,20.34643,20.3464298248291,,12.0,16.800479888916016,18.172660446166994,19.471118927001953,18.141970825195312,29.0,2.0,0.0,0.0,23.0,0.516,0.067,0.0,0.0,0.0,2.118,2.807,0.406,48.706,0.758,1.469,0.422,17.441,0.0,0.0,0.0,0.0,0.0,0.0,0.0,0.0,22.0
2017-06-26 12:00:00,19.83943748474121,19.839437,19.83943748474121,,12.0,16.753637313842773,18.123862075805665,19.425360488891602,18.09593963623047,29.0,2.0,0.0,0.0,23.0,0.516,0.067,0.0,0.0,0.0,2.118,2.807,0.406,48.706,0.758,1.469,0.422,17.441,0.0,0.0,0.0,0.0,0.0,0.0,0.0,0.0,22.0
2017-06-27 12:00:00,19.763507843017578,19.763508,19.763507843017578,,12.0,16.708696365356445,18.078981018066408,19.388340377807616,18.053347778320312,29.0,2.0,0.0,0.0,23.0,0.516,0.067,0.0,0.0,0.0,2.118,2.807,0.406,48.706,0.758,1.469,0.422,17.441,0.0,0.0,0.0,0.0,0.0,0.0,0.0,0.0,22.0
2017-06-28 12:00:00,20.573305130004883,20.573305,20.573305130004883,,12.0,16.66268539428711,18.032584762573244,19.35002899169922,18.010927200317383,29.0,2.0,0.0,0.0,23.0,0.516,0.067,0.0,0.0,0.0,2.118,2.807,0.406,48.706,0.758,1.469,0.422,17.441,0.0,0.0,0.0,0.0,0.0,0.0,0.0,0.0,22.0
2017-06-29 12:00:00,20.443025588989258,20.443026,20.443025588989258,,12.0,16.614667892456055,17.9852294921875,19.3126579284668,17.96864242553711,29.0,2.0,0.0,0.0,23.0,0.516,0.067,0.0,0.0,0.0,2.118,2.807,0.406,48.706,0.758,1.469,0.422,17.441,0.0,0.0,0.0,0.0,0.0,0.0,0.0,0.0,22.0
2017-06-30 12:00:00,20.381065368652344,20.381065,20.381065368652344,,12.0,16.57429313659668,17.944031524658204,19.283075714111327,17.931277465820312,29.0,2.0,0.0,0.0,23.0,0.516,0.067,0.0,0.0,0.0,2.118,2.807,0.406,48.706,0.758,1.469,0.422,17.441,0.0,0.0,0.0,0.0,0.0,0.0,0.0,0.0,22.0
2017-07-01 12:00:00,20.182872772216797,20.182873,20.182872772216797,,12.0,16.53382110595703,17.902905654907226,19.249752807617188,17.892986297607422,29.0,2.0,0.0,0.0,23.0,0.516,0.067,0.0,0.0,0.0,2.118,2.807,0.406,48.706,0.758,1.469,0.422,17.441,0.0,0.0,0.0,0.0,0.0,0.0,0.0,0.0,22.0
2017-07-02 12:00:00,19.985666275024414,19.985666,19.985666275024414,,12.0,16.495275497436523,17.86036033630371,19.21829605102539,17.855893707275392,29.0,2.0,0.0,0.0,23.0,0.516,0.067,0.0,0.0,0.0,2.118,2.807,0.406,48.706,0.758,1.469,0.422,17.441,0.0,0.0,0.0,0.0,0.0,0.0,0.0,0.0,22.0
2017-07-03 12:00:00,19.89657211303711,19.896572,19.89657211303711,,12.0,16.463047409057616,17.819294738769532,19.181582260131837,17.817716217041017,29.0,2.0,0.0,0.0,23.0,0.516,0.067,0.0,0.0,0.0,2.118,2.807,0.406,48.706,0.758,1.469,0.422,17.441,0.0,0.0,0.0,0.0,0.0,0.0,0.0,0.0,22.0
2017-07-04 12:00:00,19.877750396728516,19.87775,19.877750396728516,,12.0,16.43284797668457,17.781797027587892,19.158174514770508,17.786009979248046,29.0,2.0,0.0,0.0,23.0,0.516,0.067,0.0,0.0,0.0,2.118,2.807,0.406,48.706,0.758,1.469,0.422,17.441,0.0,0.0,0.0,0.0,0.0,0.0,0.0,0.0,22.0
2017-07-05 12:00:00,19.976390838623047,19.97639,19.976390838623047,,12.0,16.403910064697264,17.749406814575195,19.142024993896484,17.758688354492186,29.0,2.0,0.0,0.0,23.0,0.516,0.067,0.0,0.0,0.0,2.118,2.807,0.406,48.706,0.758,1.469,0.422,17.441,0.0,0.0,0.0,0.0,0.0,0.0,0.0,0.0,22.0
2017-07-06 12:00:00,19.474842071533203,19.474842,19.474842071533203,,12.0,16.375006866455077,17.72200736999512,19.12563247680664,17.733495712280273,29.0,2.0,0.0,0.0,23.0,0.516,0.067,0.0,0.0,0.0,2.118,2.807,0.406,48.706,0.758,1.469,0.422,17.441,0.0,0.0,0.0,0.0,0.0,0.0,0.0,0.0,22.0
2017-07-07 12:00:00,19.59556770324707,19.595568,19.59556770324707,,12.0,16.34523239135742,17.697190856933595,19.106427001953126,17.708190536499025,29.0,2.0,0.0,0.0,23.0,0.516,0.067,0.0,0.0,0.0,2.118,2.807,0.406,48.706,0.758,1.469,0.422,17.441,0.0,0.0,0.0,0.0,0.0,0.0,0.0,0.0,22.0
2017-07-08 12:00:00,19.252328872680664,19.252329,19.252328872680664,,12.0,16.314546203613283,17.673046493530272,19.087759017944336,17.684346008300782,29.0,2.0,0.0,0.0,23.0,0.516,0.067,0.0,0.0,0.0,2.118,2.807,0.406,48.706,0.758,1.469,0.422,17.441,0.0,0.0,0.0,0.0,0.0,0.0,0.0,0.0,22.0
2017-07-09 12:00:00,19.188749313354492,19.18875,19.188749313354492,,12.0,16.285500717163085,17.6484619140625,19.07102737426758,17.6606746673584,29.0,2.0,0.0,0.0,23.0,0.516,0.067,0.0,0.0,0.0,2.118,2.807,0.406,48.706,0.758,1.469,0.422,17.441,0.0,0.0,0.0,0.0,0.0,0.0,0.0,0.0,22.0
2017-07-10 12:00:00,19.254610061645508,19.25461,19.254610061645508,,12.0,16.258195877075195,17.62572364807129,19.057714462280273,17.639113998413087,29.0,2.0,0.0,0.0,23.0,0.516,0.067,0.0,0.0,0.0,2.118,2.807,0.406,48.706,0.758,1.469,0.422,17.441,0.0,0.0,0.0,0.0,0.0,0.0,0.0,0.0,22.0
2019-05-21 12:00:00,21.677810668945312,21.67781,21.677810668945312,,12.0,18.6078857421875,19.69049949645996,21.196134948730467,19.819208526611327,35.0,2.0,0.0,0.0,7.0,0.306,2.917,0.0,0.0,0.0,2.633,2.917,0.332,18.432,1.244,1.524,0.328,8.707,0.0,0.0,0.0,0.0,0.0,0.0,0.0,0.0,22.0
2019-05-22 12:00:00,22.623199462890625,22.6232,22.623199462890625,,12.0,18.56111831665039,19.646651840209962,21.160005950927733,19.77510185241699,35.0,2.0,0.0,0.0,7.0,0.306,2.917,0.0,0.0,0.0,2.633,2.917,0.332,18.432,1.244,1.524,0.328,8.707,0.0,0.0,0.0,0.0,0.0,0.0,0.0,0.0,22.0
2019-05-23 12:00:00,,22.529484,22.529483795166016,,12.0,18.514537811279297,19.607122802734374,21.124598693847656,19.734049987792968,35.0,2.0,0.0,0.0,7.0,0.306,2.917,0.0,0.0,0.0,2.633,2.917,0.332,18.432,1.244,1.524,0.328,8.707,0.0,0.0,0.0,0.0,0.0,0.0,0.0,0.0,22.0
2019-05-24 12:00:00,,22.435766,22.435766220092773,,12.0,18.468449783325195,19.568056488037108,21.079104232788087,19.688792037963868,35.0,2.0,0.0,0.0,7.0,0.306,2.917,0.0,0.0,0.0,2.633,2.917,0.332,18.432,1.244,1.524,0.328,8.707,0.0,0.0,0.0,0.0,0.0,0.0,0.0,0.0,22.0
2019-05-25 12:00:00,22.342050552368164,22.34205,22.342050552368164,,12.0,18.421920394897462,19.528890228271486,21.039779281616212,19.645000457763672,35.0,2.0,0.0,0.0,7.0,0.306,2.917,0.0,0.0,0.0,2.633,2.917,0.332,18.432,1.244,1.524,0.328,8.707,0.0,0.0,0.0,0.0,0.0,0.0,0.0,0.0,22.0
2019-05-26 12:00:00,22.167823791503906,22.167824,22.167823791503906,,12.0,18.374354553222656,19.490768432617188,20.99342498779297,19.598323822021484,35.0,2.0,0.0,0.0,7.0,0.306,2.917,0.0,0.0,0.0,2.633,2.917,0.332,18.432,1.244,1.524,0.328,8.707,0.0,0.0,0.0,0.0,0.0,0.0,0.0,0.0,22.0
2019-05-27 12:00:00,22.4652042388916,22.465204,22.4652042388916,,12.0,18.32624626159668,19.45013008117676,20.941626358032227,19.548641967773438,35.0,2.0,0.0,0.0,7.0,0.306,2.917,0.0,0.0,0.0,2.633,2.917,0.332,18.432,1.244,1.524,0.328,8.707,0.0,0.0,0.0,0.0,0.0,0.0,0.0,0.0,22.0
2022-02-04 12:00:00,22.45217514038086,22.452175,22.45217514038086,,12.0,18.327013778686524,20.13803176879883,22.101787948608397,20.172783279418944,42.0,2.0,0.0,0.0,10.0,0.674,0.37,0.0,0.0,0.0,3.247,4.312,0.618,32.466,1.283,2.363,0.619,12.828,0.0,0.0,0.0,0.0,0.0,0.0,0.0,0.0,22.0
2022-02-05 12:00:00,23.258956909179688,23.258957,23.258956909179688,,12.0,18.33902053833008,20.148593139648437,22.11575927734375,20.182088470458986,42.0,2.0,0.0,0.0,10.0,0.674,0.37,0.0,0.0,0.0,3.247,4.312,0.618,32.466,1.283,2.363,0.619,12.828,0.0,0.0,0.0,0.0,0.0,0.0,0.0,0.0,22.0
2022-02-06 12:00:00,23.659364700317383,23.659365,23.659364700317383,,12.0,18.353732681274415,20.1615234375,22.13598747253418,20.194966506958007,42.0,2.0,0.0,0.0,10.0,0.674,0.37,0.0,0.0,0.0,3.247,4.312,0.618,32.466,1.283,2.363,0.619,12.828,0.0,0.0,0.0,0.0,0.0,0.0,0.0,0.0,22.0
2022-02-07 12:00:00,24.525480270385742,24.52548,24.525480270385742,,12.0,18.367931747436522,20.1843563079834,22.162459945678712,20.213634490966797,42.0,2.0,0.0,0.0,10.0,0.674,0.37,0.0,0.0,0.0,3.247,4.312,0.618,32.466,1.283,2.363,0.619,12.828,0.0,0.0,0.0,0.0,0.0,0.0,0.0,0.0,22.0
2022-02-08 12:00:00,23.797191619873047,23.797192,23.797191619873047,,12.0,18.375210571289063,20.207201385498045,22.19165382385254,20.23249931335449,42.0,2.0,0.0,0.0,10.0,0.674,0.37,0.0,0.0,0.0,3.247,4.312,0.618,32.466,1.283,2.363,0.619,12.828,0.0,0.0,0.0,0.0,0.0,0.0,0.0,0.0,22.0
2022-02-09 12:00:00,23.192575454711914,23.192575,23.192575454711914,,12.0,18.38889350891113,20.22913475036621,22.221290588378906,20.25433349609375,42.0,2.0,0.0,0.0,10.0,0.674,0.37,0.0,0.0,0.0,3.247,4.312,0.618,32.466,1.283,2.363,0.619,12.828,0.0,0.0,0.0,0.0,0.0,0.0,0.0,0.0,22.0
2022-02-10 12:00:00,23.53843879699707,23.538439,23.53843879699707,,12.0,18.39710235595703,20.252072143554688,22.25237693786621,20.27464370727539,42.0,2.0,0.0,0.0,10.0,0.674,0.37,0.0,0.0,0.0,3.247,4.312,0.618,32.466,1.283,2.363,0.619,12.828,0.0,0.0,0.0,0.0,0.0,0.0,0.0,0.0,22.0
2022-02-11 12:00:00,24.338666915893555,24.338667,24.338666915893555,,12.0,18.405896377563476,20.275187683105468,22.279743194580078,20.29398384094238,42.0,2.0,0.0,0.0,10.0,0.674,0.37,0.0,0.0,0.0,3.247,4.312,0.618,32.466,1.283,2.363,0.619,12.828,0.0,0.0,0.0,0.0,0.0,0.0,0.0,0.0,22.0
2022-02-12 12:00:00,,23.499432,23.499431610107422,,12.0,18.412677001953124,20.292853927612306,22.306478881835936,20.310983657836914,42.0,2.0,0.0,0.0,10.0,0.674,0.37,0.0,0.0,0.0,3.247,4.312,0.618,32.466,1.283,2.363,0.619,12.828,0.0,0.0,0.0,0.0,0.0,0.0,0.0,0.0,22.0
2022-02-13 12:00:00,,22.660194,22.660194396972656,,12.0,18.41466064453125,20.310609817504883,22.326463317871095,20.326394653320314,42.0,2.0,0.0,0.0,10.0,0.674,0.37,0.0,0.0,0.0,3.247,4.312,0.618,32.466,1.283,2.363,0.619,12.828,0.0,0.0,0.0,0.0,0.0,0.0,0.0,0.0,22.0
2022-02-24 12:00:00,24.55160903930664,24.551609,24.55160903930664,,12.0,18.413297653198242,20.552982330322266,22.533911895751952,20.50815620422363,43.0,2.0,0.0,0.0,10.0,1.68,0.335,0.0,0.0,0.0,3.085,4.313,0.565,30.847,1.118,2.288,0.537,11.178,0.0,0.0,0.0,0.0,0.0,0.0,0.0,0.0,22.0
2022-02-25 12:00:00,24.848861694335938,24.848862,24.848861694335938,,12.0,18.42951431274414,20.586413955688478,22.56044998168945,20.535786819458007,43.0,2.0,0.0,0.0,10.0,1.68,0.335,0.0,0.0,0.0,3.085,4.313,0.565,30.847,1.118,2.288,0.537,11.178,0.0,0.0,0.0,0.0,0.0,0.0,0.0,0.0,22.0
2022-02-26 12:00:00,23.39299964904785,23.393,23.39299964904785,,12.0,18.44913330078125,20.61867752075195,22.58136978149414,20.56239242553711,43.0,2.0,0.0,0.0,10.0,1.68,0.335,0.0,0.0,0.0,3.085,4.313,0.565,30.847,1.118,2.288,0.537,11.178,0.0,0.0,0.0,0.0,0.0,0.0,0.0,0.0,22.0
2022-02-27 12:00:00,23.563756942749023,23.563757,23.563756942749023,,12.0,18.473011016845703,20.6522216796875,22.59282989501953,20.587009048461915,43.0,2.0,0.0,0.0,10.0,1.68,0.335,0.0,0.0,0.0,3.085,4.313,0.565,30.847,1.118,2.288,0.537,11.178,0.0,0.0,0.0,0.0,0.0,0.0,0.0,0.0,22.0
2022-02-28 12:00:00,,23.435791,23.435791015625,,12.0,18.503038787841795,20.673990631103514,22.587561416625977,20.605853652954103,43.0,2.0,0.0,0.0,10.0,1.68,0.335,0.0,0.0,0.0,3.085,4.313,0.565,30.847,1.118,2.288,0.537,11.178,0.0,0.0,0.0,0.0,0.0,0.0,0.0,0.0,22.0
2022-03-01 12:00:00,,23.307825,23.307825088500977,,12.0,18.535164642333985,20.69531593322754,22.582342910766602,20.624735641479493,43.0,2.0,0.0,0.0,10.0,1.68,0.335,0.0,0.0,0.0,3.085,4.313,0.565,30.847,1.118,2.288,0.537,11.178,0.0,0.0,0.0,0.0,0.0,0.0,0.0,0.0,22.0
2022-03-02 12:00:00,23.179859161376953,23.17986,23.179859161376953,,12.0,18.563864517211915,20.71853141784668,22.580451583862306,20.64472885131836,43.0,2.0,0.0,0.0,10.0,1.68,0.335,0.0,0.0,0.0,3.085,4.313,0.565,30.847,1.118,2.288,0.537,11.178,0.0,0.0,0.0,0.0,0.0,0.0,0.0,0.0,22.0
2022-03-03 12:00:00,,23.408974,23.408973693847656,,12.0,18.589438247680665,20.740498352050782,22.581835174560545,20.664424896240234,43.0,2.0,0.0,0.0,10.0,1.68,0.335,0.0,0.0,0.0,3.085,4.313,0.565,30.847,1.118,2.288,0.537,11.178,0.0,0.0,0.0,0.0,0.0,0.0,0.0,0.0,22.0
2022-03-04 12:00:00,23.638086318969727,23.638086,23.638086318969727,,12.0,18.611705017089843,20.75858917236328,22.586912536621092,20.681043243408205,43.0,2.0,0.0,0.0,10.0,1.68,0.335,0.0,0.0,0.0,3.085,4.313,0.565,30.847,1.118,2.288,0.537,11.178,0.0,0.0,0.0,0.0,0.0,0.0,0.0,0.0,22.0
2022-03-05 12:00:00,23.633676528930664,23.633677,23.633676528930664,,12.0,18.63727722167969,20.777816390991212,22.595275497436525,20.699897384643556,43.0,2.0,0.0,0.0,10.0,1.68,0.335,0.0,0.0,0.0,3.085,4.313,0.565,30.847,1.118,2.288,0.537,11.178,0.0,0.0,0.0,0.0,0.0,0.0,0.0,0.0,22.0
2022-03-10 12:00:00,25.034597396850586,25.034597,25.034597396850586,,12.0,18.74062309265137,20.864513778686522,22.67206802368164,20.791749572753908,44.0,2.0,0.0,0.0,7.0,4.243,0.355,0.0,0.0,0.0,3.929,4.243,0.268,27.502,2.06,2.363,0.262,14.422,0.0,0.0,0.0,0.0,0.0,0.0,0.0,0.0,22.0
2022-03-11 12:00:00,24.982370376586914,24.98237,24.982370376586914,,12.0,18.766884994506835,20.883899688720703,22.68436279296875,20.80858955383301,44.0,2.0,0.0,0.0,7.0,4.243,0.355,0.0,0.0,0.0,3.929,4.243,0.268,27.502,2.06,2.363,0.262,14.422,0.0,0.0,0.0,0.0,0.0,0.0,0.0,0.0,22.0
2022-03-12 12:00:00,25.023365020751953,25.023365,25.023365020751953,,12.0,18.778871154785158,20.901664352416994,22.69219398498535,20.818759155273437,44.0,2.0,0.0,0.0,7.0,4.243,0.355,0.0,0.0,0.0,3.929,4.243,0.268,27.502,2.06,2.363,0.262,14.422,0.0,0.0,0.0,0.0,0.0,0.0,0.0,0.0,22.0
2022-03-13 12:00:00,,24.68155,24.681549072265625,,12.0,18.802108001708984,20.923554992675783,22.70546760559082,20.837045669555664,44.0,2.0,0.0,0.0,7.0,4.243,0.355,0.0,0.0,0.0,3.929,4.243,0.268,27.502,2.06,2.363,0.262,14.422,0.0,0.0,0.0,0.0,0.0,0.0,0.0,0.0,22.0
2022-03-14 12:00:00,24.33973503112793,24.339735,24.33973503112793,,12.0,18.823457336425783,20.942330169677735,22.719677352905272,20.853972244262696,44.0,2.0,0.0,0.0,7.0,4.243,0.355,0.0,0.0,0.0,3.929,4.243,0.268,27.502,2.06,2.363,0.262,14.422,0.0,0.0,0.0,0.0,0.0,0.0,0.0,0.0,22.0
2022-03-15 12:00:00,,24.55217,24.552169799804688,,12.0,18.849400329589844,20.961629486083986,22.73134536743164,20.87114028930664,44.0,2.0,0.0,0.0,7.0,4.243,0.355,0.0,0.0,0.0,3.929,4.243,0.268,27.502,2.06,2.363,0.262,14.422,0.0,0.0,0.0,0.0,0.0,0.0,0.0,0.0,22.0
2022-03-16 12:00:00,24.764604568481445,24.764605,24.764604568481445,,12.0,18.882340240478516,20.986356353759767,22.75165138244629,20.895053482055665,44.0,2.0,0.0,0.0,7.0,4.243,0.355,0.0,0.0,0.0,3.929,4.243,0.268,27.502,2.06,2.363,0.262,14.422,0.0,0.0,0.0,0.0,0.0,0.0,0.0,0.0,22.0
