"","TIME","TEMP","TEMP_INTERP","TEMP_HEAT_SPIKE","TEMP_COLD_SPIKE","TEMP_EXTREME_INDEX","TEMP_PER10","TEMP_PER50","TEMP_PER90","TEMP_MEAN","MHW_EVENT_NUMBER","MHW_EVENT_CAT","MCS_EVENT_NUMBER","MCS_EVENT_CAT","MHW_EVENT_DURATION","MHW_EVENT_ONSET_RATE","MHW_EVENT_DECLINE_RATE","MCS_EVENT_DURATION","MCS_EVENT_ONSET_RATE","MCS_EVENT_DECLINE_RATE","MHW_EVENT_INTENSITY_MEAN","MHW_EVENT_INTENSITY_MAX","MHW_EVENT_INTENSITY_VAR","MHW_EVENT_INTENSITY_CUMULATIVE","MHW_EVENT_INTENSITY_MEAN_RELPERC","MHW_EVENT_INTENSITY_MAX_RELPERC","MHW_EVENT_INTENSITY_VAR_RELPERC","MHW_EVENT_INTENSITY_CUMULATIVE_RELPERC","MCS_EVENT_INTENSITY_MEAN","MCS_EVENT_INTENSITY_MAX","MCS_EVENT_INTENSITY_VAR","MCS_EVENT_INTENSITY_CUMULATIVE","MCS_EVENT_INTENSITY_MEAN_RELPERC","MCS_EVENT_INTENSITY_MAX_RELPERC","MCS_EVENT_INTENSITY_VAR_RELPERC","MCS_EVENT_INTENSITY_CUMULATIVE_RELPERC"
"1",2010-05-11,21.7310333251953,21.7310333251953,21.7310333251953,NA,12,18.9161491394043,20.1711441040039,21.5768089294434,20.2040229797363,3,2,0,0,5,1.03299999237061,0.830999970436096,0,0,0,3.256,3.973,0.919,16.279,1.881,2.597,0.917,9.404,0,0,0,0,0,0,0,0
"2",2010-05-12,23.2611751556396,23.2611751556396,23.2611751556396,NA,12,18.889822769165,20.1307327270508,21.5380302429199,20.1677963256836,3,2,0,0,5,1.03299999237061,0.830999970436096,0,0,0,3.256,3.973,0.919,16.279,1.881,2.597,0.917,9.404,0,0,0,0,0,0,0,0
"3",2010-05-13,24.1062831878662,24.1062831878662,24.1062831878662,NA,12,18.8625701904297,20.093798828125,21.5095027923584,20.1331260681152,3,2,0,0,5,1.03299999237061,0.830999970436096,0,0,0,3.256,3.973,0.919,16.279,1.881,2.597,0.917,9.404,0,0,0,0,0,0,0,0
"4",2010-05-14,23.9908008575439,23.9908008575439,23.9908008575439,NA,12,18.8325061798096,20.0541557312012,21.4747116088867,20.0958641052246,3,2,0,0,5,1.03299999237061,0.830999970436096,0,0,0,3.256,3.973,0.919,16.279,1.881,2.597,0.917,9.404,0,0,0,0,0,0,0,0
"5",2010-05-15,23.8477439880371,23.8477439880371,23.8477439880371,NA,12,18.799702835083,20.0152618408203,21.4336673736572,20.0568214416504,3,2,0,0,5,1.03299999237061,0.830999970436096,0,0,0,3.256,3.973,0.919,16.279,1.881,2.597,0.917,9.404,0,0,0,0,0,0,0,0
"6",2010-05-22,22.676815032959,22.676815032959,22.676815032959,NA,12,18.5026000976562,19.7305801391602,21.1993053436279,19.7699810028076,4,2,0,0,10,2.90700006484985,0.172000005841255,0,0,0,2.096,2.907,0.419,20.957,0.649,1.478,0.427,6.487,0,0,0,0,0,0,0,0
"7",2010-05-23,NA,22.1558399200439,22.1558399200439,NA,12,18.4560001373291,19.685982131958,21.1629734039307,19.7275424957275,4,2,0,0,10,2.90700006484985,0.172000005841255,0,0,0,2.096,2.907,0.419,20.957,0.649,1.478,0.427,6.487,0,0,0,0,0,0,0,0
"8",2010-05-24,21.6348648071289,21.6348648071289,21.6348648071289,NA,12,18.4086410522461,19.6439903259277,21.1256134033203,19.6842517852783,4,2,0,0,10,2.90700006484985,0.172000005841255,0,0,0,2.096,2.907,0.419,20.957,0.649,1.478,0.427,6.487,0,0,0,0,0,0,0,0
"9",2010-05-25,21.6133689880371,21.6133689880371,21.6133689880371,NA,12,18.3598915100098,19.603150177002,21.0878616333008,19.6397796630859,4,2,0,0,10,2.90700006484985,0.172000005841255,0,0,0,2.096,2.907,0.419,20.957,0.649,1.478,0.427,6.487,0,0,0,0,0,0,0,0
"10",2010-05-26,22.0618991851807,22.0618991851807,22.0618991851807,NA,12,18.3106395721436,19.5631149291992,21.0372737884521,19.5899028778076,4,2,0,0,10,2.90700006484985,0.172000005841255,0,0,0,2.096,2.907,0.419,20.957,0.649,1.478,0.427,6.487,0,0,0,0,0,0,0,0
"11",2010-05-27,21.7989101409912,21.7989101409912,21.7989101409912,NA,12,18.2587711334229,19.5231010437012,20.985383605957,19.5367992401123,4,2,0,0,10,2.90700006484985,0.172000005841255,0,0,0,2.096,2.907,0.419,20.957,0.649,1.478,0.427,6.487,0,0,0,0,0,0,0,0
"12",2010-05-28,21.6372566223145,21.6372566223145,21.6372566223145,NA,12,18.208126449585,19.4792541503906,20.9345630645752,19.4833675384521,4,2,0,0,10,2.90700006484985,0.172000005841255,0,0,0,2.096,2.907,0.419,20.957,0.649,1.478,0.427,6.487,0,0,0,0,0,0,0,0
"13",2010-05-29,21.2113952636719,21.2113952636719,21.2113952636719,NA,12,18.1523082733154,19.4348808288574,20.8807758331299,19.4286636352539,4,2,0,0,10,2.90700006484985,0.172000005841255,0,0,0,2.096,2.907,0.419,20.957,0.649,1.478,0.427,6.487,0,0,0,0,0,0,0,0
"14",2010-05-30,20.9410572052002,20.9410572052002,20.9410572052002,NA,12,18.098246383667,19.3892993927002,20.8322685241699,19.374967956543,4,2,0,0,10,2.90700006484985,0.172000005841255,0,0,0,2.096,2.907,0.419,20.957,0.649,1.478,0.427,6.487,0,0,0,0,0,0,0,0
"15",2010-05-31,20.7821826934814,20.7821826934814,20.7821826934814,NA,12,18.0438503265381,19.3410438537598,20.7803447723389,19.3215030670166,4,2,0,0,10,2.90700006484985,0.172000005841255,0,0,0,2.096,2.907,0.419,20.957,0.649,1.478,0.427,6.487,0,0,0,0,0,0,0,0
"16",2011-04-07,23.1335926055908,23.1335926055908,23.1335926055908,NA,12,19.4730564117432,21.1937892913818,22.9111221313477,21.1635501861572,7,2,0,0,20,1.01600003242493,0.148000001907349,0,0,0,2.26,4.167,0.652,45.207,0.649,2.434,0.588,12.98,0,0,0,0,0,0,0,0
"17",2011-04-08,24.5772724151611,24.5772724151611,24.5772724151611,NA,12,19.4820766448975,21.1892383575439,22.9094184875488,21.1638469696045,7,2,0,0,20,1.01600003242493,0.148000001907349,0,0,0,2.26,4.167,0.652,45.207,0.649,2.434,0.588,12.98,0,0,0,0,0,0,0,0
"18",2011-04-09,25.3233776092529,25.3233776092529,25.3233776092529,NA,12,19.4874042510986,21.187638092041,22.8890518188477,21.1564998626709,7,2,0,0,20,1.01600003242493,0.148000001907349,0,0,0,2.26,4.167,0.652,45.207,0.649,2.434,0.588,12.98,0,0,0,0,0,0,0,0
"19",2011-04-10,NA,24.3823261260986,24.3823261260986,NA,12,19.4854969024658,21.1787872314453,22.8682941436768,21.1454563140869,7,2,0,0,20,1.01600003242493,0.148000001907349,0,0,0,2.26,4.167,0.652,45.207,0.649,2.434,0.588,12.98,0,0,0,0,0,0,0,0
"20",2011-04-11,23.4412746429443,23.4412746429443,23.4412746429443,NA,12,19.4840702056885,21.1617580413818,22.8382175445557,21.1293949127197,7,2,0,0,20,1.01600003242493,0.148000001907349,0,0,0,2.26,4.167,0.652,45.207,0.649,2.434,0.588,12.98,0,0,0,0,0,0,0,0
"21",2011-04-12,23.2391338348389,23.2391338348389,23.2391338348389,NA,12,19.481628036499,21.1370765686035,22.8095100402832,21.1107086181641,7,2,0,0,20,1.01600003242493,0.148000001907349,0,0,0,2.26,4.167,0.652,45.207,0.649,2.434,0.588,12.98,0,0,0,0,0,0,0,0
"22",2011-04-13,23.5220756530762,23.5220756530762,23.5220756530762,NA,12,19.4801391601562,21.1097503662109,22.7684173583984,21.087194442749,7,2,0,0,20,1.01600003242493,0.148000001907349,0,0,0,2.26,4.167,0.652,45.207,0.649,2.434,0.588,12.98,0,0,0,0,0,0,0,0
"23",2011-04-14,23.7464008331299,23.7464008331299,23.7464008331299,NA,12,19.4721729278564,21.0779621124268,22.7305992126465,21.0631977081299,7,2,0,0,20,1.01600003242493,0.148000001907349,0,0,0,2.26,4.167,0.652,45.207,0.649,2.434,0.588,12.98,0,0,0,0,0,0,0,0
"24",2011-04-15,23.6797981262207,23.6797981262207,23.6797981262207,NA,12,19.4659641265869,21.0426067352295,22.6896755218506,21.0367458343506,7,2,0,0,20,1.01600003242493,0.148000001907349,0,0,0,2.26,4.167,0.652,45.207,0.649,2.434,0.588,12.98,0,0,0,0,0,0,0,0
"25",2011-04-16,23.1443920135498,23.1443920135498,23.1443920135498,NA,12,19.4547328948975,21.0066783905029,22.63815574646,21.0022064208984,7,2,0,0,20,1.01600003242493,0.148000001907349,0,0,0,2.26,4.167,0.652,45.207,0.649,2.434,0.588,12.98,0,0,0,0,0,0,0,0
"26",2011-04-17,22.7713775634766,22.7713775634766,22.7713775634766,NA,12,19.4391788482666,20.9664512634277,22.5892673492432,20.9698413848877,7,2,0,0,20,1.01600003242493,0.148000001907349,0,0,0,2.26,4.167,0.652,45.207,0.649,2.434,0.588,12.98,0,0,0,0,0,0,0,0
"27",2011-04-18,22.6483860015869,22.6483860015869,22.6483860015869,NA,12,19.4225597381592,20.9298145294189,22.5239864349365,20.9324104309082,7,2,0,0,20,1.01600003242493,0.148000001907349,0,0,0,2.26,4.167,0.652,45.207,0.649,2.434,0.588,12.98,0,0,0,0,0,0,0,0
"28",2011-04-19,22.5842227935791,22.5842227935791,22.5842227935791,NA,12,19.402995300293,20.891873550415,22.4669635772705,20.896484375,7,2,0,0,20,1.01600003242493,0.148000001907349,0,0,0,2.26,4.167,0.652,45.207,0.649,2.434,0.588,12.98,0,0,0,0,0,0,0,0
"29",2011-04-20,22.7789001464844,22.7789001464844,22.7789001464844,NA,12,19.384663772583,20.8555328369141,22.408882522583,20.8618186950684,7,2,0,0,20,1.01600003242493,0.148000001907349,0,0,0,2.26,4.167,0.652,45.207,0.649,2.434,0.588,12.98,0,0,0,0,0,0,0,0
"30",2011-04-21,22.7264957427979,22.7264957427979,22.7264957427979,NA,12,19.3658336639404,20.8221420288086,22.3558906555176,20.8291759490967,7,2,0,0,20,1.01600003242493,0.148000001907349,0,0,0,2.26,4.167,0.652,45.207,0.649,2.434,0.588,12.98,0,0,0,0,0,0,0,0
"31",2011-04-22,22.6901454925537,22.6901454925537,22.6901454925537,NA,12,19.3486881256104,20.7882389068604,22.2973972320557,20.7942035675049,7,2,0,0,20,1.01600003242493,0.148000001907349,0,0,0,2.26,4.167,0.652,45.207,0.649,2.434,0.588,12.98,0,0,0,0,0,0,0,0
"32",2011-04-23,22.6067638397217,22.6067638397217,22.6067638397217,NA,12,19.3292678833008,20.7543075561523,22.2474842071533,20.7615135192871,7,2,0,0,20,1.01600003242493,0.148000001907349,0,0,0,2.26,4.167,0.652,45.207,0.649,2.434,0.588,12.98,0,0,0,0,0,0,0,0
"33",2011-04-24,22.5745449066162,22.5745449066162,22.5745449066162,NA,12,19.3086944580078,20.7188785552979,22.2011306762695,20.7294486999512,7,2,0,0,20,1.01600003242493,0.148000001907349,0,0,0,2.26,4.167,0.652,45.207,0.649,2.434,0.588,12.98,0,0,0,0,0,0,0,0
"34",2011-04-25,22.4697742462158,22.4697742462158,22.4697742462158,NA,12,19.2888877868652,20.6830551147461,22.15837059021,20.6993221282959,7,2,0,0,20,1.01600003242493,0.148000001907349,0,0,0,2.26,4.167,0.652,45.207,0.649,2.434,0.588,12.98,0,0,0,0,0,0,0,0
"35",2011-04-26,22.3719215393066,22.3719215393066,22.3719215393066,NA,12,19.2700511932373,20.6479671478271,22.1306526184082,20.6719398498535,7,2,0,0,20,1.01600003242493,0.148000001907349,0,0,0,2.26,4.167,0.652,45.207,0.649,2.434,0.588,12.98,0,0,0,0,0,0,0,0
"36",2013-03-03,23.7812671661377,23.7812671661377,23.7812671661377,NA,12,18.6092948913574,20.7179431915283,22.6083118438721,20.6786876678467,9,2,0,0,6,1.07799994945526,0.474000006914139,0,0,0,3.363,4.154,0.558,20.181,1.464,2.253,0.559,8.781,0,0,0,0,0,0,0,0
"37",2013-03-04,24.3643016815186,24.3643016815186,24.3643016815186,NA,12,18.634895324707,20.7394020080566,22.6060749053955,20.6942844390869,9,2,0,0,6,1.07799994945526,0.474000006914139,0,0,0,3.363,4.154,0.558,20.181,1.464,2.253,0.559,8.781,0,0,0,0,0,0,0,0
"38",2013-03-05,24.8657112121582,24.8657112121582,24.8657112121582,NA,12,18.658996963501,20.7563808441162,22.6130451202393,20.711291885376,9,2,0,0,6,1.07799994945526,0.474000006914139,0,0,0,3.363,4.154,0.558,20.181,1.464,2.253,0.559,8.781,0,0,0,0,0,0,0,0
"39",2013-03-06,23.1631717681885,23.1631717681885,23.1631717681885,NA,12,18.6797107696533,20.7719886779785,22.6245170593262,20.7305381774902,9,2,0,0,6,1.07799994945526,0.474000006914139,0,0,0,3.363,4.154,0.558,20.181,1.464,2.253,0.559,8.781,0,0,0,0,0,0,0,0
"40",2013-03-07,NA,23.8288040161133,23.8288040161133,NA,12,18.6945503234863,20.7877658843994,22.6274574279785,20.743729019165,9,2,0,0,6,1.07799994945526,0.474000006914139,0,0,0,3.363,4.154,0.558,20.181,1.464,2.253,0.559,8.781,0,0,0,0,0,0,0,0
"41",2013-03-08,24.4944381713867,24.4944381713867,24.4944381713867,NA,12,18.7162517547607,20.8041816711426,22.6368072509766,20.7583915710449,9,2,0,0,6,1.07799994945526,0.474000006914139,0,0,0,3.363,4.154,0.558,20.181,1.464,2.253,0.559,8.781,0,0,0,0,0,0,0,0
"42",2013-03-29,23.7286014556885,23.7286014556885,23.7286014556885,NA,12,19.365970993042,21.126407623291,22.8642398834229,21.1036209106445,10,2,0,0,10,0.662999987602234,0.333999991416931,0,0,0,2.757,3.969,0.55,27.568,0.996,2.205,0.546,9.964,0,0,0,0,0,0,0,0
"43",2013-03-30,NA,23.8841590881348,23.8841590881348,NA,12,19.3811965942383,21.1345691680908,22.8793724060059,21.1160053253174,10,2,0,0,10,0.662999987602234,0.333999991416931,0,0,0,2.757,3.969,0.55,27.568,0.996,2.205,0.546,9.964,0,0,0,0,0,0,0,0
"44",2013-03-31,24.0397167205811,24.0397167205811,24.0397167205811,NA,12,19.3916316986084,21.1469425201416,22.8856872558594,21.1230609893799,10,2,0,0,10,0.662999987602234,0.333999991416931,0,0,0,2.757,3.969,0.55,27.568,0.996,2.205,0.546,9.964,0,0,0,0,0,0,0,0
"45",2013-04-01,25.1031150817871,25.1031150817871,25.1031150817871,NA,12,19.4066219329834,21.1581565856934,22.8976196289062,21.1343338012695,10,2,0,0,10,0.662999987602234,0.333999991416931,0,0,0,2.757,3.969,0.55,27.568,0.996,2.205,0.546,9.964,0,0,0,0,0,0,0,0
"46",2013-04-02,24.2602958679199,24.2602958679199,24.2602958679199,NA,12,19.4215858459473,21.1634643554688,22.9092514038086,21.141805267334,10,2,0,0,10,0.662999987602234,0.333999991416931,0,0,0,2.757,3.969,0.55,27.568,0.996,2.205,0.546,9.964,0,0,0,0,0,0,0,0
"47",2013-04-03,24.2123718261719,24.2123718261719,24.2123718261719,NA,12,19.4366703033447,21.1729698181152,22.9205371856689,21.1514392852783,10,2,0,0,10,0.662999987602234,0.333999991416931,0,0,0,2.757,3.969,0.55,27.568,0.996,2.205,0.546,9.964,0,0,0,0,0,0,0,0
"48",2013-04-04,23.3811016082764,23.3811016082764,23.3811016082764,NA,12,19.4514007568359,21.1760478973389,22.9272117614746,21.1604904174805,10,2,0,0,10,0.662999987602234,0.333999991416931,0,0,0,2.757,3.969,0.55,27.568,0.996,2.205,0.546,9.964,0,0,0,0,0,0,0,0
"49",2013-04-05,23.8894653320312,23.8894653320312,23.8894653320312,NA,12,19.4640674591064,21.1831829071045,22.9232009887695,21.1654842376709,10,2,0,0,10,0.662999987602234,0.333999991416931,0,0,0,2.757,3.969,0.55,27.568,0.996,2.205,0.546,9.964,0,0,0,0,0,0,0,0
"50",2013-04-06,NA,23.4606647491455,23.4606647491455,NA,12,19.4730564117432,21.1907825469971,22.9111221313477,21.1635501861572,10,2,0,0,10,0.662999987602234,0.333999991416931,0,0,0,2.757,3.969,0.55,27.568,0.996,2.205,0.546,9.964,0,0,0,0,0,0,0,0
"51",2013-04-07,23.0318641662598,23.0318641662598,23.0318641662598,NA,12,19.4820766448975,21.1937892913818,22.9094184875488,21.1638469696045,10,2,0,0,10,0.662999987602234,0.333999991416931,0,0,0,2.757,3.969,0.55,27.568,0.996,2.205,0.546,9.964,0,0,0,0,0,0,0,0
"52",2013-05-19,21.59423828125,21.59423828125,21.59423828125,NA,12,18.6423397064209,19.8616802215576,21.2981658935547,19.8985889434814,11,2,0,0,17,0.419999986886978,0.118000000715256,0,0,0,1.975,3.005,0.476,33.58,0.535,1.575,0.479,9.094,0,0,0,0,0,0,0,0
"53",2013-05-20,21.4745311737061,21.4745311737061,21.4745311737061,NA,12,18.596000289917,19.8210762023926,21.2637767791748,19.8535614013672,11,2,0,0,17,0.419999986886978,0.118000000715256,0,0,0,1.975,3.005,0.476,33.58,0.535,1.575,0.479,9.094,0,0,0,0,0,0,0,0
"54",2013-05-21,22.6563053131104,22.6563053131104,22.6563053131104,NA,12,18.5491912841797,19.7771598815918,21.2280082702637,19.8090801239014,11,2,0,0,17,0.419999986886978,0.118000000715256,0,0,0,1.975,3.005,0.476,33.58,0.535,1.575,0.479,9.094,0,0,0,0,0,0,0,0
"55",2013-05-22,22.7746086120605,22.7746086120605,22.7746086120605,NA,12,18.5026000976562,19.7305801391602,21.1993053436279,19.7699810028076,11,2,0,0,17,0.419999986886978,0.118000000715256,0,0,0,1.975,3.005,0.476,33.58,0.535,1.575,0.479,9.094,0,0,0,0,0,0,0,0
"56",2013-05-23,22.2866744995117,22.2866744995117,22.2866744995117,NA,12,18.4560001373291,19.685982131958,21.1629734039307,19.7275424957275,11,2,0,0,17,0.419999986886978,0.118000000715256,0,0,0,1.975,3.005,0.476,33.58,0.535,1.575,0.479,9.094,0,0,0,0,0,0,0,0
"57",2013-05-24,21.8878803253174,21.8878803253174,21.8878803253174,NA,12,18.4086410522461,19.6439903259277,21.1256134033203,19.6842517852783,11,2,0,0,17,0.419999986886978,0.118000000715256,0,0,0,1.975,3.005,0.476,33.58,0.535,1.575,0.479,9.094,0,0,0,0,0,0,0,0
"58",2013-05-25,20.9626636505127,20.9626636505127,NA,NA,12,18.3598915100098,19.603150177002,21.0878616333008,19.6397796630859,11,2,0,0,17,0.419999986886978,0.118000000715256,0,0,0,1.975,3.005,0.476,33.58,0.535,1.575,0.479,9.094,0,0,0,0,0,0,0,0
"59",2013-05-26,21.1013202667236,21.1013202667236,21.1013202667236,NA,12,18.3106395721436,19.5631149291992,21.0372737884521,19.5899028778076,11,2,0,0,17,0.419999986886978,0.118000000715256,0,0,0,1.975,3.005,0.476,33.58,0.535,1.575,0.479,9.094,0,0,0,0,0,0,0,0
"60",2013-05-27,21.7533493041992,21.7533493041992,21.7533493041992,NA,12,18.2587711334229,19.5231010437012,20.985383605957,19.5367992401123,11,2,0,0,17,0.419999986886978,0.118000000715256,0,0,0,1.975,3.005,0.476,33.58,0.535,1.575,0.479,9.094,0,0,0,0,0,0,0,0
"61",2013-05-28,21.7211017608643,21.7211017608643,21.7211017608643,NA,12,18.208126449585,19.4792541503906,20.9345630645752,19.4833675384521,11,2,0,0,17,0.419999986886978,0.118000000715256,0,0,0,1.975,3.005,0.476,33.58,0.535,1.575,0.479,9.094,0,0,0,0,0,0,0,0
"62",2013-05-29,NA,21.4542255401611,21.4542255401611,NA,12,18.1523082733154,19.4348808288574,20.8807758331299,19.4286636352539,11,2,0,0,17,0.419999986886978,0.118000000715256,0,0,0,1.975,3.005,0.476,33.58,0.535,1.575,0.479,9.094,0,0,0,0,0,0,0,0
"63",2013-05-30,21.187349319458,21.187349319458,21.187349319458,NA,12,18.098246383667,19.3892993927002,20.8322685241699,19.374967956543,11,2,0,0,17,0.419999986886978,0.118000000715256,0,0,0,1.975,3.005,0.476,33.58,0.535,1.575,0.479,9.094,0,0,0,0,0,0,0,0
"64",2013-05-31,21.2245655059814,21.2245655059814,21.2245655059814,NA,12,18.0438503265381,19.3410438537598,20.7803447723389,19.3215030670166,11,2,0,0,17,0.419999986886978,0.118000000715256,0,0,0,1.975,3.005,0.476,33.58,0.535,1.575,0.479,9.094,0,0,0,0,0,0,0,0
"65",2013-06-01,21.3336982727051,21.3336982727051,21.3336982727051,NA,12,17.9863285064697,19.2930660247803,20.7273746490479,19.2693073272705,11,2,0,0,17,0.419999986886978,0.118000000715256,0,0,0,1.975,3.005,0.476,33.58,0.535,1.575,0.479,9.094,0,0,0,0,0,0,0,0
"66",2013-06-02,20.7572555541992,20.7572555541992,20.7572555541992,NA,12,17.9272998809814,19.2455322265625,20.6609828948975,19.2092998504639,11,2,0,0,17,0.419999986886978,0.118000000715256,0,0,0,1.975,3.005,0.476,33.58,0.535,1.575,0.479,9.094,0,0,0,0,0,0,0,0
"67",2013-06-03,20.6326999664307,20.6326999664307,20.6326999664307,NA,12,17.8709819793701,19.1974468231201,20.5951305389404,19.1530620574951,11,2,0,0,17,0.419999986886978,0.118000000715256,0,0,0,1.975,3.005,0.476,33.58,0.535,1.575,0.479,9.094,0,0,0,0,0,0,0,0
"68",2013-06-04,20.619966506958,20.619966506958,20.619966506958,NA,12,17.817798614502,19.1410758972168,20.5288871765137,19.0930057525635,11,2,0,0,17,0.419999986886978,0.118000000715256,0,0,0,1.975,3.005,0.476,33.58,0.535,1.575,0.479,9.094,0,0,0,0,0,0,0,0
"69",2013-10-16,20.5075531005859,20.5075531005859,20.5075531005859,NA,12,16.1036502838135,17.4149089813232,19.0137588500977,17.5488502502441,14,2,0,0,8,2.95900011062622,0.26800000667572,0,0,0,2.277,2.959,0.441,18.214,0.832,1.494,0.434,6.656,0,0,0,0,0,0,0,0
"70",2013-10-17,20.3434619903564,20.3434619903564,20.3434619903564,NA,12,16.1303480148315,17.4448524475098,19.0262516021729,17.5724620819092,14,2,0,0,8,2.95900011062622,0.26800000667572,0,0,0,2.277,2.959,0.441,18.214,0.832,1.494,0.434,6.656,0,0,0,0,0,0,0,0
"71",2013-10-18,NA,20.2062873840332,20.2062873840332,NA,12,16.156311416626,17.4726348876953,19.0385032653809,17.5970653533936,14,2,0,0,8,2.95900011062622,0.26800000667572,0,0,0,2.277,2.959,0.441,18.214,0.832,1.494,0.434,6.656,0,0,0,0,0,0,0,0
"72",2013-10-19,20.0691108703613,20.0691108703613,20.0691108703613,NA,12,16.1815578460693,17.5028774261475,19.0616519927979,17.6220565795898,14,2,0,0,8,2.95900011062622,0.26800000667572,0,0,0,2.277,2.959,0.441,18.214,0.832,1.494,0.434,6.656,0,0,0,0,0,0,0,0
"73",2013-10-20,19.4640998840332,19.4640998840332,19.4640998840332,NA,12,16.2078542709351,17.5318397521973,19.0865200042725,17.6477142333984,14,2,0,0,8,2.95900011062622,0.26800000667572,0,0,0,2.277,2.959,0.441,18.214,0.832,1.494,0.434,6.656,0,0,0,0,0,0,0,0
"74",2013-10-21,NA,19.5164890289307,19.5164890289307,NA,12,16.2323661804199,17.5610725402832,19.1148239135742,17.6736915588379,14,2,0,0,8,2.95900011062622,0.26800000667572,0,0,0,2.277,2.959,0.441,18.214,0.832,1.494,0.434,6.656,0,0,0,0,0,0,0,0
"75",2013-10-22,NA,19.5688762664795,19.5688762664795,NA,12,16.2560802459717,17.5892879486084,19.1399913787842,17.6992130279541,14,2,0,0,8,2.95900011062622,0.26800000667572,0,0,0,2.277,2.959,0.441,18.214,0.832,1.494,0.434,6.656,0,0,0,0,0,0,0,0
"76",2013-10-23,19.621265411377,19.621265411377,19.621265411377,NA,12,16.280891418457,17.6162952423096,19.1592350006104,17.7217391967773,14,2,0,0,8,2.95900011062622,0.26800000667572,0,0,0,2.277,2.959,0.441,18.214,0.832,1.494,0.434,6.656,0,0,0,0,0,0,0,0
"77",2014-04-12,23.7267875671387,23.7267875671387,23.7267875671387,NA,12,19.4801391601562,21.1370765686035,22.7684173583984,21.087194442749,15,2,0,0,37,0.0529999993741512,0.159999996423721,0,0,0,2.272,3.27,0.446,84.05,0.817,1.895,0.472,30.245,0,0,0,0,0,0,0,0
"78",2014-04-13,23.5253295898438,23.5253295898438,23.5253295898438,NA,12,19.4721729278564,21.1097503662109,22.7305992126465,21.0631977081299,15,2,0,0,37,0.0529999993741512,0.159999996423721,0,0,0,2.272,3.27,0.446,84.05,0.817,1.895,0.472,30.245,0,0,0,0,0,0,0,0
"79",2014-04-14,23.408447265625,23.408447265625,23.408447265625,NA,12,19.4659641265869,21.0779621124268,22.6896755218506,21.0367458343506,15,2,0,0,37,0.0529999993741512,0.159999996423721,0,0,0,2.272,3.27,0.446,84.05,0.817,1.895,0.472,30.245,0,0,0,0,0,0,0,0
"80",2014-04-15,23.3997974395752,23.3997974395752,23.3997974395752,NA,12,19.4547328948975,21.0426067352295,22.63815574646,21.0022064208984,15,2,0,0,37,0.0529999993741512,0.159999996423721,0,0,0,2.272,3.27,0.446,84.05,0.817,1.895,0.472,30.245,0,0,0,0,0,0,0,0
"81",2014-04-16,23.3236103057861,23.3236103057861,23.3236103057861,NA,12,19.4391788482666,21.0066783905029,22.5892673492432,20.9698413848877,15,2,0,0,37,0.0529999993741512,0.159999996423721,0,0,0,2.272,3.27,0.446,84.05,0.817,1.895,0.472,30.245,0,0,0,0,0,0,0,0
"82",2014-04-17,23.1748905181885,23.1748905181885,23.1748905181885,NA,12,19.4225597381592,20.9664512634277,22.5239864349365,20.9324104309082,15,2,0,0,37,0.0529999993741512,0.159999996423721,0,0,0,2.272,3.27,0.446,84.05,0.817,1.895,0.472,30.245,0,0,0,0,0,0,0,0
"83",2014-04-18,22.903995513916,22.903995513916,22.903995513916,NA,12,19.402995300293,20.9298145294189,22.4669635772705,20.896484375,15,2,0,0,37,0.0529999993741512,0.159999996423721,0,0,0,2.272,3.27,0.446,84.05,0.817,1.895,0.472,30.245,0,0,0,0,0,0,0,0
"84",2014-04-19,22.9215965270996,22.9215965270996,22.9215965270996,NA,12,19.384663772583,20.891873550415,22.408882522583,20.8618186950684,15,2,0,0,37,0.0529999993741512,0.159999996423721,0,0,0,2.272,3.27,0.446,84.05,0.817,1.895,0.472,30.245,0,0,0,0,0,0,0,0
"85",2014-04-20,22.6087341308594,22.6087341308594,22.6087341308594,NA,12,19.3658336639404,20.8555328369141,22.3558906555176,20.8291759490967,15,2,0,0,37,0.0529999993741512,0.159999996423721,0,0,0,2.272,3.27,0.446,84.05,0.817,1.895,0.472,30.245,0,0,0,0,0,0,0,0
"86",2014-04-21,22.5300102233887,22.5300102233887,22.5300102233887,NA,12,19.3486881256104,20.8221420288086,22.2973972320557,20.7942035675049,15,2,0,0,37,0.0529999993741512,0.159999996423721,0,0,0,2.272,3.27,0.446,84.05,0.817,1.895,0.472,30.245,0,0,0,0,0,0,0,0
"87",2014-04-22,22.7253875732422,22.7253875732422,22.7253875732422,NA,12,19.3292678833008,20.7882389068604,22.2474842071533,20.7615135192871,15,2,0,0,37,0.0529999993741512,0.159999996423721,0,0,0,2.272,3.27,0.446,84.05,0.817,1.895,0.472,30.245,0,0,0,0,0,0,0,0
"88",2014-04-23,22.6131954193115,22.6131954193115,22.6131954193115,NA,12,19.3086944580078,20.7543075561523,22.2011306762695,20.7294486999512,15,2,0,0,37,0.0529999993741512,0.159999996423721,0,0,0,2.272,3.27,0.446,84.05,0.817,1.895,0.472,30.245,0,0,0,0,0,0,0,0
"89",2014-04-24,22.4871921539307,22.4871921539307,22.4871921539307,NA,12,19.2888877868652,20.7188785552979,22.15837059021,20.6993221282959,15,2,0,0,37,0.0529999993741512,0.159999996423721,0,0,0,2.272,3.27,0.446,84.05,0.817,1.895,0.472,30.245,0,0,0,0,0,0,0,0
"90",2014-04-25,22.4342555999756,22.4342555999756,22.4342555999756,NA,12,19.2700511932373,20.6830551147461,22.1306526184082,20.6719398498535,15,2,0,0,37,0.0529999993741512,0.159999996423721,0,0,0,2.272,3.27,0.446,84.05,0.817,1.895,0.472,30.245,0,0,0,0,0,0,0,0
"91",2014-04-26,22.2252426147461,22.2252426147461,22.2252426147461,NA,12,19.2546360015869,20.6479671478271,22.089429473877,20.6458396911621,15,2,0,0,37,0.0529999993741512,0.159999996423721,0,0,0,2.272,3.27,0.446,84.05,0.817,1.895,0.472,30.245,0,0,0,0,0,0,0,0
"92",2014-04-27,21.9302005767822,21.9302005767822,NA,NA,12,19.2371726989746,20.613277053833,22.0628608703613,20.6227962493896,15,2,0,0,37,0.0529999993741512,0.159999996423721,0,0,0,2.272,3.27,0.446,84.05,0.817,1.895,0.472,30.245,0,0,0,0,0,0,0,0
"93",2014-04-28,22.9708690643311,22.9708690643311,22.9708690643311,NA,12,19.2191764831543,20.5811115264893,22.0252113342285,20.5952903747559,15,2,0,0,37,0.0529999993741512,0.159999996423721,0,0,0,2.272,3.27,0.446,84.05,0.817,1.895,0.472,30.245,0,0,0,0,0,0,0,0
"94",2014-04-29,NA,22.8845119476318,22.8845119476318,NA,12,19.2024383544922,20.5504676818848,21.9839138031006,20.5677101135254,15,2,0,0,37,0.0529999993741512,0.159999996423721,0,0,0,2.272,3.27,0.446,84.05,0.817,1.895,0.472,30.245,0,0,0,0,0,0,0,0
"95",2014-04-30,22.7981548309326,22.7981548309326,22.7981548309326,NA,12,19.1843978881836,20.5180641174316,21.9481788635254,20.5414115905762,15,2,0,0,37,0.0529999993741512,0.159999996423721,0,0,0,2.272,3.27,0.446,84.05,0.817,1.895,0.472,30.245,0,0,0,0,0,0,0,0
"96",2014-05-01,23.1069622039795,23.1069622039795,23.1069622039795,NA,12,19.1661651611328,20.4857872009277,21.9097579956055,20.5144309997559,15,2,0,0,37,0.0529999993741512,0.159999996423721,0,0,0,2.272,3.27,0.446,84.05,0.817,1.895,0.472,30.245,0,0,0,0,0,0,0,0
"97",2014-05-02,23.1613483428955,23.1613483428955,23.1613483428955,NA,12,19.1469532012939,20.4556480407715,21.8829441070557,20.4930507659912,15,2,0,0,37,0.0529999993741512,0.159999996423721,0,0,0,2.272,3.27,0.446,84.05,0.817,1.895,0.472,30.245,0,0,0,0,0,0,0,0
"98",2014-05-03,22.7199649810791,22.7199649810791,22.7199649810791,NA,12,19.1237201690674,20.4285079956055,21.8456726074219,20.464958190918,15,2,0,0,37,0.0529999993741512,0.159999996423721,0,0,0,2.272,3.27,0.446,84.05,0.817,1.895,0.472,30.245,0,0,0,0,0,0,0,0
"99",2014-05-04,22.3470344543457,22.3470344543457,22.3470344543457,NA,12,19.097131729126,20.4077373504639,21.8148891448975,20.4392425537109,15,2,0,0,37,0.0529999993741512,0.159999996423721,0,0,0,2.272,3.27,0.446,84.05,0.817,1.895,0.472,30.245,0,0,0,0,0,0,0,0
"100",2014-05-05,22.6178646087646,22.6178646087646,22.6178646087646,NA,12,19.0685695648193,20.3804466247559,21.7859802246094,20.4106086730957,15,2,0,0,37,0.0529999993741512,0.159999996423721,0,0,0,2.272,3.27,0.446,84.05,0.817,1.895,0.472,30.245,0,0,0,0,0,0,0,0
"101",2014-05-06,22.9321937561035,22.9321937561035,22.9321937561035,NA,12,19.0420433044434,20.3567531585693,21.75172996521,20.3794532775879,15,2,0,0,37,0.0529999993741512,0.159999996423721,0,0,0,2.272,3.27,0.446,84.05,0.817,1.895,0.472,30.245,0,0,0,0,0,0,0,0
"102",2014-05-07,23.6155834197998,23.6155834197998,23.6155834197998,NA,12,19.0150104522705,20.3254589080811,21.7200885772705,20.3455509185791,15,2,0,0,37,0.0529999993741512,0.159999996423721,0,0,0,2.272,3.27,0.446,84.05,0.817,1.895,0.472,30.245,0,0,0,0,0,0,0,0
"103",2014-05-08,23.4777603149414,23.4777603149414,23.4777603149414,NA,12,18.9892604827881,20.2921661376953,21.6747493743896,20.3069664001465,15,2,0,0,37,0.0529999993741512,0.159999996423721,0,0,0,2.272,3.27,0.446,84.05,0.817,1.895,0.472,30.245,0,0,0,0,0,0,0,0
"104",2014-05-09,23.3152046203613,23.3152046203613,23.3152046203613,NA,12,18.964822769165,20.2555320739746,21.642427444458,20.2714252471924,15,2,0,0,37,0.0529999993741512,0.159999996423721,0,0,0,2.272,3.27,0.446,84.05,0.817,1.895,0.472,30.245,0,0,0,0,0,0,0,0
"105",2014-05-10,23.2090530395508,23.2090530395508,23.2090530395508,NA,12,18.9405666351318,20.2116184234619,21.6049613952637,20.236141204834,15,2,0,0,37,0.0529999993741512,0.159999996423721,0,0,0,2.272,3.27,0.446,84.05,0.817,1.895,0.472,30.245,0,0,0,0,0,0,0,0
"106",2014-05-11,22.6315307617188,22.6315307617188,22.6315307617188,NA,12,18.9161491394043,20.1711441040039,21.5768089294434,20.2040229797363,15,2,0,0,37,0.0529999993741512,0.159999996423721,0,0,0,2.272,3.27,0.446,84.05,0.817,1.895,0.472,30.245,0,0,0,0,0,0,0,0
"107",2014-05-12,22.8015975952148,22.8015975952148,22.8015975952148,NA,12,18.889822769165,20.1307327270508,21.5380302429199,20.1677963256836,15,2,0,0,37,0.0529999993741512,0.159999996423721,0,0,0,2.272,3.27,0.446,84.05,0.817,1.895,0.472,30.245,0,0,0,0,0,0,0,0
"108",2014-05-13,22.7558879852295,22.7558879852295,22.7558879852295,NA,12,18.8625701904297,20.093798828125,21.5095027923584,20.1331260681152,15,2,0,0,37,0.0529999993741512,0.159999996423721,0,0,0,2.272,3.27,0.446,84.05,0.817,1.895,0.472,30.245,0,0,0,0,0,0,0,0
"109",2014-05-14,22.653621673584,22.653621673584,22.653621673584,NA,12,18.8325061798096,20.0541557312012,21.4747116088867,20.0958641052246,15,2,0,0,37,0.0529999993741512,0.159999996423721,0,0,0,2.272,3.27,0.446,84.05,0.817,1.895,0.472,30.245,0,0,0,0,0,0,0,0
"110",2014-05-15,22.351900100708,22.351900100708,22.351900100708,NA,12,18.799702835083,20.0152618408203,21.4336673736572,20.0568214416504,15,2,0,0,37,0.0529999993741512,0.159999996423721,0,0,0,2.272,3.27,0.446,84.05,0.817,1.895,0.472,30.245,0,0,0,0,0,0,0,0
"111",2014-05-16,22.1530532836914,22.1530532836914,22.1530532836914,NA,12,18.7648960113525,19.9793491363525,21.4003936767578,20.0202835083008,15,2,0,0,37,0.0529999993741512,0.159999996423721,0,0,0,2.272,3.27,0.446,84.05,0.817,1.895,0.472,30.245,0,0,0,0,0,0,0,0
"112",2014-05-17,21.7178649902344,21.7178649902344,21.7178649902344,NA,12,18.7266944885254,19.9420787811279,21.3568344116211,19.9786808013916,15,2,0,0,37,0.0529999993741512,0.159999996423721,0,0,0,2.272,3.27,0.446,84.05,0.817,1.895,0.472,30.245,0,0,0,0,0,0,0,0
"113",2014-05-18,21.6582775115967,21.6582775115967,21.6582775115967,NA,12,18.6865036010742,19.9043804168701,21.3339931488037,19.9417762756348,15,2,0,0,37,0.0529999993741512,0.159999996423721,0,0,0,2.272,3.27,0.446,84.05,0.817,1.895,0.472,30.245,0,0,0,0,0,0,0,0
"114",2015-08-31,18.4358520507812,18.4358520507812,18.4358520507812,NA,12,15.7997747421265,16.9089500427246,18.2316055297852,16.959300994873,21,2,0,0,50,0.241999998688698,0.0590000003576279,0,0,0,2.365,3.557,0.595,118.244,1.008,2.352,0.559,50.42,0,0,0,0,0,0,0,0
"115",2015-09-01,18.3921051025391,18.3921051025391,18.3921051025391,NA,12,15.8073852539063,16.9183116912842,18.2174179077148,16.9608695983887,21,2,0,0,50,0.241999998688698,0.0590000003576279,0,0,0,2.365,3.557,0.595,118.244,1.008,2.352,0.559,50.42,0,0,0,0,0,0,0,0
"116",2015-09-02,18.6550312042236,18.6550312042236,18.6550312042236,NA,12,15.8141317367554,16.9257678985596,18.204280090332,16.9621509552002,21,2,0,0,50,0.241999998688698,0.0590000003576279,0,0,0,2.365,3.557,0.595,118.244,1.008,2.352,0.559,50.42,0,0,0,0,0,0,0,0
"117",2015-09-03,18.7759666442871,18.7759666442871,18.7759666442871,NA,12,15.8205039978027,16.9308464050293,18.1942481994629,16.9629180908203,21,2,0,0,50,0.241999998688698,0.0590000003576279,0,0,0,2.365,3.557,0.595,118.244,1.008,2.352,0.559,50.42,0,0,0,0,0,0,0,0
"118",2015-09-04,18.2574443817139,18.2574443817139,18.2574443817139,NA,12,15.8258779525757,16.9357204437256,18.1863025665283,16.9643394470215,21,2,0,0,50,0.241999998688698,0.0590000003576279,0,0,0,2.365,3.557,0.595,118.244,1.008,2.352,0.559,50.42,0,0,0,0,0,0,0,0
"119",2015-09-05,18.2428684234619,18.2428684234619,18.2428684234619,NA,12,15.8322708129883,16.9384853363037,18.1841979980469,16.9673797607422,21,2,0,0,50,0.241999998688698,0.0590000003576279,0,0,0,2.365,3.557,0.595,118.244,1.008,2.352,0.559,50.42,0,0,0,0,0,0,0,0
"120",2015-09-06,18.1775665283203,18.1775665283203,18.1775665283203,NA,12,15.8364931106567,16.940979385376,18.1756462097168,16.9676971435547,21,2,0,0,50,0.241999998688698,0.0590000003576279,0,0,0,2.365,3.557,0.595,118.244,1.008,2.352,0.559,50.42,0,0,0,0,0,0,0,0
"121",2015-09-07,NA,18.4008445739746,18.4008445739746,NA,12,15.8397899627686,16.9418033599854,18.169702911377,16.9679790496826,21,2,0,0,50,0.241999998688698,0.0590000003576279,0,0,0,2.365,3.557,0.595,118.244,1.008,2.352,0.559,50.42,0,0,0,0,0,0,0,0
"122",2015-09-08,18.6241207122803,18.6241207122803,18.6241207122803,NA,12,15.8428421020508,16.9404354095459,18.1700954437256,16.9684185028076,21,2,0,0,50,0.241999998688698,0.0590000003576279,0,0,0,2.365,3.557,0.595,118.244,1.008,2.352,0.559,50.42,0,0,0,0,0,0,0,0
"123",2015-09-09,19.3063850402832,19.3063850402832,19.3063850402832,NA,12,15.8458757400513,16.9400314331055,18.1732597351074,16.970276260376,21,2,0,0,50,0.241999998688698,0.0590000003576279,0,0,0,2.365,3.557,0.595,118.244,1.008,2.352,0.559,50.42,0,0,0,0,0,0,0,0
"124",2015-09-10,20.5311851501465,20.5311851501465,20.5311851501465,NA,12,15.8490018844604,16.9391910552979,18.1795257568359,16.974095916748,21,2,0,0,50,0.241999998688698,0.0590000003576279,0,0,0,2.365,3.557,0.595,118.244,1.008,2.352,0.559,50.42,0,0,0,0,0,0,0,0
"125",2015-09-11,20.2165470123291,20.2165470123291,20.2165470123291,NA,12,15.8512849807739,16.9401748657227,18.1850666046143,16.9764324188232,21,2,0,0,50,0.241999998688698,0.0590000003576279,0,0,0,2.365,3.557,0.595,118.244,1.008,2.352,0.559,50.42,0,0,0,0,0,0,0,0
"126",2015-09-12,19.9741134643555,19.9741134643555,19.9741134643555,NA,12,15.8517278671265,16.9402656555176,18.1850177764893,16.9747898101807,21,2,0,0,50,0.241999998688698,0.0590000003576279,0,0,0,2.365,3.557,0.595,118.244,1.008,2.352,0.559,50.42,0,0,0,0,0,0,0,0
"127",2015-09-13,19.499547958374,19.499547958374,19.499547958374,NA,12,15.8504697799683,16.9370445251465,18.1992980957031,16.9788162231445,21,2,0,0,50,0.241999998688698,0.0590000003576279,0,0,0,2.365,3.557,0.595,118.244,1.008,2.352,0.559,50.42,0,0,0,0,0,0,0,0
"128",2015-09-14,19.6948928833008,19.6948928833008,19.6948928833008,NA,12,15.8474540710449,16.9398086547852,18.2195201873779,16.9839050292969,21,2,0,0,50,0.241999998688698,0.0590000003576279,0,0,0,2.365,3.557,0.595,118.244,1.008,2.352,0.559,50.42,0,0,0,0,0,0,0,0
"129",2015-09-15,19.0632057189941,19.0632057189941,19.0632057189941,NA,12,15.8447301864624,16.9423404693604,18.2457572937012,16.9943393707275,21,2,0,0,50,0.241999998688698,0.0590000003576279,0,0,0,2.365,3.557,0.595,118.244,1.008,2.352,0.559,50.42,0,0,0,0,0,0,0,0
"130",2015-09-16,18.7276954650879,18.7276954650879,18.7276954650879,NA,12,15.8436862945557,16.9504375457764,18.267163848877,17.0055934906006,21,2,0,0,50,0.241999998688698,0.0590000003576279,0,0,0,2.365,3.557,0.595,118.244,1.008,2.352,0.559,50.42,0,0,0,0,0,0,0,0
"131",2015-09-17,18.7212200164795,18.7212200164795,18.7212200164795,NA,12,15.8380773544312,16.9610908508301,18.2858615875244,17.0130191802979,21,2,0,0,50,0.241999998688698,0.0590000003576279,0,0,0,2.365,3.557,0.595,118.244,1.008,2.352,0.559,50.42,0,0,0,0,0,0,0,0
"132",2015-09-18,19.0166969299316,19.0166969299316,19.0166969299316,NA,12,15.8335561752319,16.9659446716309,18.3061431884766,17.0209278106689,21,2,0,0,50,0.241999998688698,0.0590000003576279,0,0,0,2.365,3.557,0.595,118.244,1.008,2.352,0.559,50.42,0,0,0,0,0,0,0,0
"133",2015-09-19,18.8184719085693,18.8184719085693,18.8184719085693,NA,12,15.8263744354248,16.9718711853027,18.3168045043945,17.0286846160889,21,2,0,0,50,0.241999998688698,0.0590000003576279,0,0,0,2.365,3.557,0.595,118.244,1.008,2.352,0.559,50.42,0,0,0,0,0,0,0,0
"134",2015-09-20,19.2610511779785,19.2610511779785,19.2610511779785,NA,12,15.8187166213989,16.9793922424316,18.3256359100342,17.0361789703369,21,2,0,0,50,0.241999998688698,0.0590000003576279,0,0,0,2.365,3.557,0.595,118.244,1.008,2.352,0.559,50.42,0,0,0,0,0,0,0,0
"135",2015-09-21,19.2472534179688,19.2472534179688,19.2472534179688,NA,12,15.8123649597168,16.9876815795898,18.3339134216309,17.0423690795898,21,2,0,0,50,0.241999998688698,0.0590000003576279,0,0,0,2.365,3.557,0.595,118.244,1.008,2.352,0.559,50.42,0,0,0,0,0,0,0,0
"136",2015-09-22,19.8161163330078,19.8161163330078,19.8161163330078,NA,12,15.8066017150879,16.9958511352539,18.3494041442871,17.0505493164063,21,2,0,0,50,0.241999998688698,0.0590000003576279,0,0,0,2.365,3.557,0.595,118.244,1.008,2.352,0.559,50.42,0,0,0,0,0,0,0,0
"137",2015-09-23,19.8876762390137,19.8876762390137,19.8876762390137,NA,12,15.8003475189209,17.0041648864746,18.3762817382812,17.0619922637939,21,2,0,0,50,0.241999998688698,0.0590000003576279,0,0,0,2.365,3.557,0.595,118.244,1.008,2.352,0.559,50.42,0,0,0,0,0,0,0,0
"138",2015-09-24,20.0588665008545,20.0588665008545,20.0588665008545,NA,12,15.7951959609985,17.0135936737061,18.3967140197754,17.0716293334961,21,2,0,0,50,0.241999998688698,0.0590000003576279,0,0,0,2.365,3.557,0.595,118.244,1.008,2.352,0.559,50.42,0,0,0,0,0,0,0,0
"139",2015-09-25,20.088903427124,20.088903427124,20.088903427124,NA,12,15.7886423110962,17.0216983795166,18.4334823608398,17.084464263916,21,2,0,0,50,0.241999998688698,0.0590000003576279,0,0,0,2.365,3.557,0.595,118.244,1.008,2.352,0.559,50.42,0,0,0,0,0,0,0,0
"140",2015-09-26,20.0527000427246,20.0527000427246,20.0527000427246,NA,12,15.7819055557251,17.0295280456543,18.4600280761719,17.0942581176758,21,2,0,0,50,0.241999998688698,0.0590000003576279,0,0,0,2.365,3.557,0.595,118.244,1.008,2.352,0.559,50.42,0,0,0,0,0,0,0,0
"141",2015-09-27,19.984712600708,19.984712600708,19.984712600708,NA,12,15.7750249862671,17.0349716186523,18.4872547149658,17.1051486968994,21,2,0,0,50,0.241999998688698,0.0590000003576279,0,0,0,2.365,3.557,0.595,118.244,1.008,2.352,0.559,50.42,0,0,0,0,0,0,0,0
"142",2015-09-28,19.9317188262939,19.9317188262939,19.9317188262939,NA,12,15.7747119903564,17.0414249420166,18.5141845703125,17.1165706634521,21,2,0,0,50,0.241999998688698,0.0590000003576279,0,0,0,2.365,3.557,0.595,118.244,1.008,2.352,0.559,50.42,0,0,0,0,0,0,0,0
"143",2015-09-29,19.9188270568848,19.9188270568848,19.9188270568848,NA,12,15.7802772521973,17.0501796722412,18.541926574707,17.1328659057617,21,2,0,0,50,0.241999998688698,0.0590000003576279,0,0,0,2.365,3.557,0.595,118.244,1.008,2.352,0.559,50.42,0,0,0,0,0,0,0,0
"144",2015-09-30,19.8266773223877,19.8266773223877,19.8266773223877,NA,12,15.7867786407471,17.063969039917,18.5779792785645,17.1511566162109,21,2,0,0,50,0.241999998688698,0.0590000003576279,0,0,0,2.365,3.557,0.595,118.244,1.008,2.352,0.559,50.42,0,0,0,0,0,0,0,0
"145",2015-10-01,19.9000205993652,19.9000205993652,19.9000205993652,NA,12,15.7961709976196,17.0774250030518,18.6136363983154,17.1699024200439,21,2,0,0,50,0.241999998688698,0.0590000003576279,0,0,0,2.365,3.557,0.595,118.244,1.008,2.352,0.559,50.42,0,0,0,0,0,0,0,0
"146",2015-10-02,19.7722759246826,19.7722759246826,19.7722759246826,NA,12,15.8051784515381,17.0909019470215,18.6490673065186,17.1874652862549,21,2,0,0,50,0.241999998688698,0.0590000003576279,0,0,0,2.365,3.557,0.595,118.244,1.008,2.352,0.559,50.42,0,0,0,0,0,0,0,0
"147",2015-10-03,19.6190738677979,19.6190738677979,19.6190738677979,NA,12,15.8150144577026,17.1025936126709,18.6827564239502,17.2052936553955,21,2,0,0,50,0.241999998688698,0.0590000003576279,0,0,0,2.365,3.557,0.595,118.244,1.008,2.352,0.559,50.42,0,0,0,0,0,0,0,0
"148",2015-10-04,19.57541847229,19.57541847229,19.57541847229,NA,12,15.8257570266724,17.1170398712158,18.7106700897217,17.2234104156494,21,2,0,0,50,0.241999998688698,0.0590000003576279,0,0,0,2.365,3.557,0.595,118.244,1.008,2.352,0.559,50.42,0,0,0,0,0,0,0,0
"149",2015-10-05,19.5908069610596,19.5908069610596,19.5908069610596,NA,12,15.836646270752,17.1305877685547,18.7381767272949,17.2416248321533,21,2,0,0,50,0.241999998688698,0.0590000003576279,0,0,0,2.365,3.557,0.595,118.244,1.008,2.352,0.559,50.42,0,0,0,0,0,0,0,0
"150",2015-10-06,NA,20.1109046936035,20.1109046936035,NA,12,15.8503143310547,17.1454479217529,18.7636451721191,17.26247215271,21,2,0,0,50,0.241999998688698,0.0590000003576279,0,0,0,2.365,3.557,0.595,118.244,1.008,2.352,0.559,50.42,0,0,0,0,0,0,0,0
"151",2015-10-07,20.6310005187988,20.6310005187988,20.6310005187988,NA,12,15.8654777526855,17.1648803710938,18.7977172851562,17.2862957000732,21,2,0,0,50,0.241999998688698,0.0590000003576279,0,0,0,2.365,3.557,0.595,118.244,1.008,2.352,0.559,50.42,0,0,0,0,0,0,0,0
"152",2015-10-08,20.6206302642822,20.6206302642822,20.6206302642822,NA,12,15.8842445373535,17.1867530822754,18.8347286224365,17.3134693145752,21,2,0,0,50,0.241999998688698,0.0590000003576279,0,0,0,2.365,3.557,0.595,118.244,1.008,2.352,0.559,50.42,0,0,0,0,0,0,0,0
"153",2015-10-09,20.2990875244141,20.2990875244141,20.2990875244141,NA,12,15.9052520751953,17.2152042388916,18.8642505645752,17.3411643981934,21,2,0,0,50,0.241999998688698,0.0590000003576279,0,0,0,2.365,3.557,0.595,118.244,1.008,2.352,0.559,50.42,0,0,0,0,0,0,0,0
"154",2015-10-10,19.9631996154785,19.9631996154785,19.9631996154785,NA,12,15.9248863220215,17.2444206237793,18.8849353790283,17.3655014038086,21,2,0,0,50,0.241999998688698,0.0590000003576279,0,0,0,2.365,3.557,0.595,118.244,1.008,2.352,0.559,50.42,0,0,0,0,0,0,0,0
"155",2015-10-11,20.0598049163818,20.0598049163818,20.0598049163818,NA,12,15.9457571029663,17.2720321655273,18.902836227417,17.3893566131592,21,2,0,0,50,0.241999998688698,0.0590000003576279,0,0,0,2.365,3.557,0.595,118.244,1.008,2.352,0.559,50.42,0,0,0,0,0,0,0,0
"156",2015-10-12,20.3381633758545,20.3381633758545,20.3381633758545,NA,12,15.9674434661865,17.299068069458,18.9203022003174,17.4134944915771,21,2,0,0,50,0.241999998688698,0.0590000003576279,0,0,0,2.365,3.557,0.595,118.244,1.008,2.352,0.559,50.42,0,0,0,0,0,0,0,0
"157",2015-10-13,19.9638500213623,19.9638500213623,19.9638500213623,NA,12,15.9915231704712,17.3256874084473,18.9464706420898,17.4421821594238,21,2,0,0,50,0.241999998688698,0.0590000003576279,0,0,0,2.365,3.557,0.595,118.244,1.008,2.352,0.559,50.42,0,0,0,0,0,0,0,0
"158",2015-10-14,NA,19.7409820556641,19.7409820556641,NA,12,16.0177465438843,17.3540554046631,18.96282081604,17.4680294036865,21,2,0,0,50,0.241999998688698,0.0590000003576279,0,0,0,2.365,3.557,0.595,118.244,1.008,2.352,0.559,50.42,0,0,0,0,0,0,0,0
"159",2015-10-15,NA,19.5181140899658,19.5181140899658,NA,12,16.04958152771,17.3815628051758,18.9821102142334,17.4983779907227,21,2,0,0,50,0.241999998688698,0.0590000003576279,0,0,0,2.365,3.557,0.595,118.244,1.008,2.352,0.559,50.42,0,0,0,0,0,0,0,0
"160",2015-10-16,19.2952461242676,19.2952461242676,19.2952461242676,NA,12,16.0777475357056,17.4149089813232,18.9975219726563,17.5239677429199,21,2,0,0,50,0.241999998688698,0.0590000003576279,0,0,0,2.365,3.557,0.595,118.244,1.008,2.352,0.559,50.42,0,0,0,0,0,0,0,0
"161",2015-10-17,19.7984046936035,19.7984046936035,19.7984046936035,NA,12,16.1036502838135,17.4448524475098,19.0137588500977,17.5488502502441,21,2,0,0,50,0.241999998688698,0.0590000003576279,0,0,0,2.365,3.557,0.595,118.244,1.008,2.352,0.559,50.42,0,0,0,0,0,0,0,0
"162",2015-10-18,19.9127960205078,19.9127960205078,19.9127960205078,NA,12,16.1303480148315,17.4726348876953,19.0262516021729,17.5724620819092,21,2,0,0,50,0.241999998688698,0.0590000003576279,0,0,0,2.365,3.557,0.595,118.244,1.008,2.352,0.559,50.42,0,0,0,0,0,0,0,0
"163",2015-10-19,19.5277080535889,19.5277080535889,19.5277080535889,NA,12,16.156311416626,17.5028774261475,19.0385032653809,17.5970653533936,21,2,0,0,50,0.241999998688698,0.0590000003576279,0,0,0,2.365,3.557,0.595,118.244,1.008,2.352,0.559,50.42,0,0,0,0,0,0,0,0
"164",2022-02-04,22.4521751403809,22.4521751403809,22.4521751403809,NA,12,18.3641620635986,20.1501617431641,22.1765567779541,20.2107471466064,41,2,0,0,10,0.671999990940094,0.368999987840652,0,0,0,3.206,4.268,0.616,32.06,1.192,2.265,0.614,11.916,0,0,0,0,0,0,0,0
"165",2022-02-05,23.2589569091797,23.2589569091797,23.2589569091797,NA,12,18.3716331481934,20.1666965484619,22.2024993896484,20.2236358642578,41,2,0,0,10,0.671999990940094,0.368999987840652,0,0,0,3.206,4.268,0.616,32.06,1.192,2.265,0.614,11.916,0,0,0,0,0,0,0,0
"166",2022-02-06,23.6593647003174,23.6593647003174,23.6593647003174,NA,12,18.3815460205078,20.1817111968994,22.2296829223633,20.2387805938721,41,2,0,0,10,0.671999990940094,0.368999987840652,0,0,0,3.206,4.268,0.616,32.06,1.192,2.265,0.614,11.916,0,0,0,0,0,0,0,0
"167",2022-02-07,24.5254802703857,24.5254802703857,24.5254802703857,NA,12,18.3904884338379,20.2013660430908,22.2606243133545,20.2577434539795,41,2,0,0,10,0.671999990940094,0.368999987840652,0,0,0,3.206,4.268,0.616,32.06,1.192,2.265,0.614,11.916,0,0,0,0,0,0,0,0
"168",2022-02-08,23.797191619873,23.797191619873,23.797191619873,NA,12,18.3999408721924,20.2241436004639,22.2891204833984,20.2773063659668,41,2,0,0,10,0.671999990940094,0.368999987840652,0,0,0,3.206,4.268,0.616,32.06,1.192,2.265,0.614,11.916,0,0,0,0,0,0,0,0
"169",2022-02-09,23.1925754547119,23.1925754547119,23.1925754547119,NA,12,18.4006801605225,20.246089553833,22.3165798187256,20.2933723449707,41,2,0,0,10,0.671999990940094,0.368999987840652,0,0,0,3.206,4.268,0.616,32.06,1.192,2.265,0.614,11.916,0,0,0,0,0,0,0,0
"170",2022-02-10,23.5384387969971,23.5384387969971,23.5384387969971,NA,12,18.4048763275146,20.2672100067139,22.3440654754639,20.3123497009277,41,2,0,0,10,0.671999990940094,0.368999987840652,0,0,0,3.206,4.268,0.616,32.06,1.192,2.265,0.614,11.916,0,0,0,0,0,0,0,0
"171",2022-02-11,24.3386669158936,24.3386669158936,24.3386669158936,NA,12,18.4101169586182,20.2902320861816,22.372908782959,20.3321544647217,41,2,0,0,10,0.671999990940094,0.368999987840652,0,0,0,3.206,4.268,0.616,32.06,1.192,2.265,0.614,11.916,0,0,0,0,0,0,0,0
"172",2022-02-12,NA,23.4994316101074,23.4994316101074,NA,12,18.4089618682861,20.3129817962646,22.3976455688477,20.351106262207,41,2,0,0,10,0.671999990940094,0.368999987840652,0,0,0,3.206,4.268,0.616,32.06,1.192,2.265,0.614,11.916,0,0,0,0,0,0,0,0
"173",2022-02-13,NA,22.6601943969727,22.6601943969727,NA,12,18.4026840209961,20.3341449737549,22.417170715332,20.365189743042,41,2,0,0,10,0.671999990940094,0.368999987840652,0,0,0,3.206,4.268,0.616,32.06,1.192,2.265,0.614,11.916,0,0,0,0,0,0,0,0
"174",2022-02-24,24.5516090393066,24.5516090393066,24.5516090393066,NA,12,18.4337852478027,20.571981048584,22.5951404571533,20.5396293640137,42,2,0,0,10,1.68499994277954,0.331999987363815,0,0,0,3.065,4.286,0.56,30.652,1.085,2.239,0.528,10.849,0,0,0,0,0,0,0,0
"175",2022-02-25,24.8488616943359,24.8488616943359,24.8488616943359,NA,12,18.450955581665,20.5976318359375,22.6102981567383,20.5627010345459,42,2,0,0,10,1.68499994277954,0.331999987363815,0,0,0,3.065,4.286,0.56,30.652,1.085,2.239,0.528,10.849,0,0,0,0,0,0,0,0
"176",2022-02-26,23.3929996490479,23.3929996490479,23.3929996490479,NA,12,18.4744258880615,20.6267414093018,22.6181343078613,20.5875904083252,42,2,0,0,10,1.68499994277954,0.331999987363815,0,0,0,3.065,4.286,0.56,30.652,1.085,2.239,0.528,10.849,0,0,0,0,0,0,0,0
"177",2022-02-27,23.563756942749,23.563756942749,23.563756942749,NA,12,18.5014621734619,20.6576698303223,22.6139827728271,20.6046813964844,42,2,0,0,10,1.68499994277954,0.331999987363815,0,0,0,3.065,4.286,0.56,30.652,1.085,2.239,0.528,10.849,0,0,0,0,0,0,0,0
"178",2022-02-28,NA,23.435791015625,23.435791015625,NA,12,18.5319271087646,20.6771892547607,22.6198486328125,20.62649269104,42,2,0,0,10,1.68499994277954,0.331999987363815,0,0,0,3.065,4.286,0.56,30.652,1.085,2.239,0.528,10.849,0,0,0,0,0,0,0,0
"179",2022-03-01,NA,23.307825088501,23.307825088501,NA,12,18.5566082000732,20.6890129089355,22.6152156829834,20.6421714782715,42,2,0,0,10,1.68499994277954,0.331999987363815,0,0,0,3.065,4.286,0.56,30.652,1.085,2.239,0.528,10.849,0,0,0,0,0,0,0,0
"180",2022-03-02,23.179859161377,23.179859161377,23.179859161377,NA,12,18.5837257385254,20.7008365631104,22.6128078460693,20.661682510376,42,2,0,0,10,1.68499994277954,0.331999987363815,0,0,0,3.065,4.286,0.56,30.652,1.085,2.239,0.528,10.849,0,0,0,0,0,0,0,0
"181",2022-03-03,NA,23.4089736938477,23.4089736938477,NA,12,18.6092948913574,20.7179431915283,22.6083118438721,20.6786876678467,42,2,0,0,10,1.68499994277954,0.331999987363815,0,0,0,3.065,4.286,0.56,30.652,1.085,2.239,0.528,10.849,0,0,0,0,0,0,0,0
"182",2022-03-04,23.6380863189697,23.6380863189697,23.6380863189697,NA,12,18.634895324707,20.7394020080566,22.6060749053955,20.6942844390869,42,2,0,0,10,1.68499994277954,0.331999987363815,0,0,0,3.065,4.286,0.56,30.652,1.085,2.239,0.528,10.849,0,0,0,0,0,0,0,0
"183",2022-03-05,23.6336765289307,23.6336765289307,23.6336765289307,NA,12,18.658996963501,20.7563808441162,22.6130451202393,20.711291885376,42,2,0,0,10,1.68499994277954,0.331999987363815,0,0,0,3.065,4.286,0.56,30.652,1.085,2.239,0.528,10.849,0,0,0,0,0,0,0,0
"184",2022-03-10,25.0345973968506,25.0345973968506,25.0345973968506,NA,12,18.7632843017578,20.8236152648926,22.6585075378418,20.7924282073975,43,2,0,0,7,4.24200010299683,0.356000006198883,0,0,0,3.921,4.242,0.272,27.445,2.068,2.376,0.264,14.477,0,0,0,0,0,0,0,0
"185",2022-03-11,24.9823703765869,24.9823703765869,24.9823703765869,NA,12,18.7848201751709,20.8425838470459,22.6704654693604,20.8074062347412,43,2,0,0,7,4.24200010299683,0.356000006198883,0,0,0,3.921,4.242,0.272,27.445,2.068,2.376,0.264,14.477,0,0,0,0,0,0,0,0
"186",2022-03-12,25.023365020752,25.023365020752,25.023365020752,NA,12,18.8104156494141,20.8620422363281,22.6868057250977,20.8285820007324,43,2,0,0,7,4.24200010299683,0.356000006198883,0,0,0,3.921,4.242,0.272,27.445,2.068,2.376,0.264,14.477,0,0,0,0,0,0,0,0
"187",2022-03-13,NA,24.6815490722656,24.6815490722656,NA,12,18.8424312591553,20.8807323455811,22.7007911682129,20.8487693786621,43,2,0,0,7,4.24200010299683,0.356000006198883,0,0,0,3.921,4.242,0.272,27.445,2.068,2.376,0.264,14.477,0,0,0,0,0,0,0,0
"188",2022-03-14,24.3397350311279,24.3397350311279,24.3397350311279,NA,12,18.870788192749,20.9043991088867,22.7101673126221,20.86452293396,43,2,0,0,7,4.24200010299683,0.356000006198883,0,0,0,3.921,4.242,0.272,27.445,2.068,2.376,0.264,14.477,0,0,0,0,0,0,0,0
"189",2022-03-15,NA,24.5521697998047,24.5521697998047,NA,12,18.9042350769043,20.9270133972168,22.7260643005371,20.8847759246826,43,2,0,0,7,4.24200010299683,0.356000006198883,0,0,0,3.921,4.242,0.272,27.445,2.068,2.376,0.264,14.477,0,0,0,0,0,0,0,0
"190",2022-03-16,24.7646045684814,24.7646045684814,24.7646045684814,NA,12,18.9444133758545,20.9454334259033,22.7485248565674,20.906954574585,43,2,0,0,7,4.24200010299683,0.356000006198883,0,0,0,3.921,4.242,0.272,27.445,2.068,2.376,0.264,14.477,0,0,0,0,0,0,0,0
